instance_id,repo,difficulty,our_resolved,peer_solve_count,our_unique_resolve,solved_by_any_peer,peer_folders
fasterxml__jackson-core-370,fasterxml/jackson-core,medium,True,0,True,False,
elastic__logstash-13825,elastic/logstash,hard,False,0,False,False,
elastic__logstash-14571,elastic/logstash,hard,False,0,False,False,
fasterxml__jackson-databind-4615,fasterxml/jackson-databind,medium,False,0,False,False,
elastic__logstash-13930,elastic/logstash,hard,False,0,False,False,
elastic__logstash-16482,elastic/logstash,hard,False,0,False,False,
fasterxml__jackson-databind-3560,fasterxml/jackson-databind,medium,False,0,False,False,
alibaba__fastjson2-2097,alibaba/fastjson2,medium,False,0,False,False,
elastic__logstash-14027,elastic/logstash,hard,False,0,False,False,
elastic__logstash-17021,elastic/logstash,hard,False,0,False,False,
fasterxml__jackson-core-729,fasterxml/jackson-core,hard,False,0,False,False,
google__gson-1787,google/gson,medium,False,0,False,False,
googlecontainertools__jib-2542,googlecontainertools/jib,medium,False,0,False,False,
fasterxml__jackson-databind-4365,fasterxml/jackson-databind,medium,False,0,False,False,
elastic__logstash-16079,elastic/logstash,easy,False,0,False,False,
elastic__logstash-15680,elastic/logstash,medium,False,0,False,False,
elastic__logstash-17020,elastic/logstash,hard,False,0,False,False,
elastic__logstash-14045,elastic/logstash,hard,False,0,False,False,
elastic__logstash-15925,elastic/logstash,medium,False,0,False,False,
elastic__logstash-13880,elastic/logstash,medium,False,0,False,False,
fasterxml__jackson-core-980,fasterxml/jackson-core,medium,False,0,False,False,
fasterxml__jackson-core-1204,fasterxml/jackson-core,medium,False,0,False,False,
fasterxml__jackson-dataformat-xml-531,fasterxml/jackson-dataformat-xml,hard,False,0,False,False,
fasterxml__jackson-dataformat-xml-644,fasterxml/jackson-dataformat-xml,medium,False,0,False,False,
fasterxml__jackson-databind-3621,fasterxml/jackson-databind,medium,False,0,False,False,
mockito__mockito-3424,mockito/mockito,hard,False,0,False,False,
fasterxml__jackson-databind-4325,fasterxml/jackson-databind,easy,False,0,False,False,
elastic__logstash-15008,elastic/logstash,hard,False,0,False,False,
elastic__logstash-14878,elastic/logstash,hard,False,0,False,False,
elastic__logstash-14898,elastic/logstash,hard,False,0,False,False,
elastic__logstash-14897,elastic/logstash,hard,False,0,False,False,
fasterxml__jackson-core-174,fasterxml/jackson-core,medium,False,0,False,False,
mockito__mockito-3220,mockito/mockito,hard,False,0,False,False,
elastic__logstash-17019,elastic/logstash,hard,False,0,False,False,
elastic__logstash-16569,elastic/logstash,hard,False,0,False,False,
fasterxml__jackson-databind-4013,fasterxml/jackson-databind,hard,False,0,False,False,
elastic__logstash-15241,elastic/logstash,medium,False,0,False,False,
fasterxml__jackson-databind-4132,fasterxml/jackson-databind,medium,False,0,False,False,
elastic__logstash-15969,elastic/logstash,hard,False,0,False,False,
elastic__logstash-16968,elastic/logstash,hard,False,0,False,False,
fasterxml__jackson-databind-3371,fasterxml/jackson-databind,hard,False,0,False,False,
mockito__mockito-3167,mockito/mockito,medium,False,0,False,False,
elastic__logstash-13902,elastic/logstash,hard,False,0,False,False,
elastic__logstash-15233,elastic/logstash,medium,False,0,False,False,
fasterxml__jackson-core-1172,fasterxml/jackson-core,medium,False,0,False,False,
elastic__logstash-14000,elastic/logstash,hard,False,0,False,False,
elastic__logstash-13931,elastic/logstash,hard,False,0,False,False,
elastic__logstash-13914,elastic/logstash,medium,False,0,False,False,
elastic__logstash-16195,elastic/logstash,hard,False,0,False,False,
elastic__logstash-15697,elastic/logstash,medium,False,0,False,False,
elastic__logstash-15000,elastic/logstash,hard,False,0,False,False,
elastic__logstash-13997,elastic/logstash,hard,False,0,False,False,
mockito__mockito-3133,mockito/mockito,hard,True,1,False,True,20260131_InfCode_GPT-5.2
fasterxml__jackson-databind-3509,fasterxml/jackson-databind,hard,False,1,False,True,20250329_MSWE-agent_Doubao-1.5-pro
fasterxml__jackson-databind-2036,fasterxml/jackson-databind,hard,False,1,False,True,20260131_InfCode_GPT-5.2
elastic__logstash-16579,elastic/logstash,hard,False,1,False,True,20260131_InfCode_GPT-5.2
fasterxml__jackson-databind-4159,fasterxml/jackson-databind,medium,False,1,False,True,20260131_InfCode_GPT-5.2
fasterxml__jackson-databind-3716,fasterxml/jackson-databind,hard,False,1,False,True,20260327_CodeArts-Agent_CodeArts-MiniMax-M2.5
elastic__logstash-15928,elastic/logstash,medium,False,1,False,True,20260131_InfCode_GPT-5.2
elastic__logstash-15964,elastic/logstash,easy,False,1,False,True,20260327_MSWE-Agent_CodeArts-MiniMax-M2.5
elastic__logstash-16094,elastic/logstash,hard,False,1,False,True,20260131_InfCode_GPT-5.2
mockito__mockito-3173,mockito/mockito,medium,False,1,False,True,20260131_InfCode_GPT-5.2
fasterxml__jackson-databind-4131,fasterxml/jackson-databind,medium,False,1,False,True,20251027_iSWE-OpenModels
fasterxml__jackson-databind-4087,fasterxml/jackson-databind,medium,False,1,False,True,20260131_InfCode_GPT-5.2
alibaba__fastjson2-1245,alibaba/fastjson2,easy,False,1,False,True,20260327_CodeArts-Agent_CodeArts-MiniMax-M2.5
apache__dubbo-7041,apache/dubbo,medium,False,2,False,True,20250329_MopenHands_DeepSeek-R1;20251201_iSWE_Agent
alibaba__fastjson2-82,alibaba/fastjson2,easy,True,2,False,True,20250329_MopenHands_DeepSeek-R1;20260327_CodeArts-Agent_CodeArts-MiniMax-M2.5
googlecontainertools__jib-4144,googlecontainertools/jib,medium,True,2,False,True,20250329_MSWE-agent_Claude-3.7-Sonnet;20251201_iSWE_Agent
fasterxml__jackson-core-1016,fasterxml/jackson-core,medium,False,2,False,True,20250426_MopenHands_Gemini-2.5-Pro;20260327_CodeArts-Agent_CodeArts-MiniMax-M2.5
fasterxml__jackson-databind-3666,fasterxml/jackson-databind,medium,False,2,False,True,20250329_MSWE-agent_GPT-4o-1120;20260131_InfCode_GPT-5.2
fasterxml__jackson-databind-4228,fasterxml/jackson-databind,hard,False,2,False,True,20260131_InfCode_GPT-5.2;20260327_CodeArts-Agent_CodeArts-MiniMax-M2.5
mockito__mockito-3129,mockito/mockito,easy,False,3,False,True,20250329_MSWE-agent_Claude-3.5-Sonnet(Oct);20251027_iSWE-OpenModels;20251201_iSWE_Agent
alibaba__fastjson2-2285,alibaba/fastjson2,medium,True,3,False,True,20251027_iSWE-OpenModels;20251201_iSWE_Agent;20260327_CodeArts-Agent_CodeArts-MiniMax-M2.5
elastic__logstash-14058,elastic/logstash,hard,False,3,False,True,20251201_iSWE_Agent;20260131_InfCode_GPT-5.2;20260327_CodeArts-Agent_CodeArts-MiniMax-M2.5
elastic__logstash-16681,elastic/logstash,medium,False,4,False,True,20250329_MSWE-agent_DeepSeek-V3;20251027_iSWE-OpenModels;20251201_iSWE_Agent;20260131_InfCode_GPT-5.2
fasterxml__jackson-databind-4469,fasterxml/jackson-databind,easy,True,4,False,True,20250329_MagentLess_Claude-3.5-Sonnet(Oct);20250426_MSWE-agent_Gemini-2.5-Pro;20251201_iSWE_Agent;20260327_CodeArts-Agent_CodeArts-MiniMax-M2.5
fasterxml__jackson-dataformat-xml-590,fasterxml/jackson-dataformat-xml,medium,False,4,False,True,20250329_MSWE-agent_OpenAI-o3-mini-high;20250329_MopenHands_Qwen2.5-72B-Instruct;20251027_iSWE-OpenModels;20260327_CodeArts-Agent_CodeArts-MiniMax-M2.5
fasterxml__jackson-core-922,fasterxml/jackson-core,medium,False,5,False,True,20251027_iSWE-OpenModels;20251201_iSWE_Agent;20260131_InfCode_GPT-5.2;20260327_CodeArts-Agent_CodeArts-MiniMax-M2.5;20260327_MSWE-Agent_CodeArts-MiniMax-M2.5
fasterxml__jackson-databind-4189,fasterxml/jackson-databind,easy,True,5,False,True,20250426_MSWE-agent_Gemini-2.5-Pro;20251201_iSWE_Agent;20260131_InfCode_GPT-5.2;20260327_CodeArts-Agent_CodeArts-MiniMax-M2.5;20260327_MSWE-Agent_CodeArts-MiniMax-M2.5
fasterxml__jackson-dataformat-xml-544,fasterxml/jackson-dataformat-xml,medium,False,5,False,True,20250329_MSWE-agent_Claude-3.5-Sonnet(Oct);20250426_MSWE-agent_Gemini-2.5-Pro;20260131_InfCode_GPT-5.2;20260327_CodeArts-Agent_CodeArts-MiniMax-M2.5;20260327_MSWE-Agent_CodeArts-MiniMax-M2.5
fasterxml__jackson-core-1208,fasterxml/jackson-core,medium,True,6,False,True,20250329_MSWE-agent_OpenAI-o1;20250329_MSWE-agent_OpenAI-o3-mini-high;20250426_MSWE-agent_Gemini-2.5-Pro;20250426_MopenHands_Gemini-2.5-Pro;20260131_InfCode_GPT-5.2;20260327_CodeArts-Agent_CodeArts-MiniMax-M2.5
apache__dubbo-11781,apache/dubbo,medium,False,6,False,True,20250329_MSWE-agent_Claude-3.7-Sonnet;20250329_MopenHands_Claude-3.5-Sonnet(Oct);20250329_MopenHands_Claude-3.7-Sonnet;20250426_MSWE-agent_Gemini-2.5-Pro;20250426_MagentLess_Doubao-1.5-thinking;20251027_iSWE-OpenModels
fasterxml__jackson-databind-4338,fasterxml/jackson-databind,easy,True,6,False,True,20250329_MSWE-agent_Claude-3.5-Sonnet(Oct);20250329_MSWE-agent_OpenAI-o1;20250329_MopenHands_Claude-3.7-Sonnet;20251201_iSWE_Agent;20260131_InfCode_GPT-5.2;20260327_CodeArts-Agent_CodeArts-MiniMax-M2.5
apache__dubbo-10638,apache/dubbo,medium,True,7,False,True,20250329_MSWE-agent_Claude-3.5-Sonnet(Oct);20250329_MopenHands_Claude-3.5-Sonnet(Oct);20250329_MopenHands_Claude-3.7-Sonnet;20250329_MopenHands_OpenAI-o3-mini-high;20250426_MopenHands_Doubao-1.5-thinking;20260131_InfCode_GPT-5.2;20260327_CodeArts-Agent_CodeArts-MiniMax-M2.5
fasterxml__jackson-core-1182,fasterxml/jackson-core,medium,False,7,False,True,20250329_MSWE-agent_Claude-3.7-Sonnet;20250329_MSWE-agent_OpenAI-o3-mini-high;20250329_MagentLess_Claude-3.5-Sonnet(Oct);20250329_MagentLess_DeepSeek-R1;20250426_MSWE-agent_Gemini-2.5-Pro;20250426_MagentLess_Llama-4-Maverick;20260327_CodeArts-Agent_CodeArts-MiniMax-M2.5
fasterxml__jackson-databind-4186,fasterxml/jackson-databind,easy,False,7,False,True,20250329_MagentLess_DeepSeek-R1;20250426_MagentLess_Doubao-1.5-thinking;20250426_MagentLess_Gemini-2.5-Pro;20250426_MagentLess_Llama-4-Maverick;20251027_iSWE-OpenModels;20260131_InfCode_GPT-5.2;20260327_CodeArts-Agent_CodeArts-MiniMax-M2.5
fasterxml__jackson-databind-4304,fasterxml/jackson-databind,easy,True,7,False,True,20250329_MSWE-agent_Claude-3.7-Sonnet;20250329_MopenHands_Claude-3.7-Sonnet;20250426_MagentLess_Gemini-2.5-Pro;20251201_iSWE_Agent;20260131_InfCode_GPT-5.2;20260327_CodeArts-Agent_CodeArts-MiniMax-M2.5;20260327_MSWE-Agent_CodeArts-MiniMax-M2.5
fasterxml__jackson-databind-3851,fasterxml/jackson-databind,medium,True,7,False,True,20250329_MSWE-agent_Claude-3.7-Sonnet;20250329_MSWE-agent_OpenAI-o1;20250329_MSWE-agent_OpenAI-o3-mini-high;20250329_MagentLess_OpenAI-o1;20251027_iSWE-OpenModels;20260131_InfCode_GPT-5.2;20260327_CodeArts-Agent_CodeArts-MiniMax-M2.5
fasterxml__jackson-core-1263,fasterxml/jackson-core,medium,True,7,False,True,20250329_MSWE-agent_Claude-3.7-Sonnet;20250329_MopenHands_Claude-3.5-Sonnet(Oct);20250426_MagentLess_Llama-4-Maverick;20250426_MopenHands_Gemini-2.5-Pro;20251027_iSWE-OpenModels;20251201_iSWE_Agent;20260327_CodeArts-Agent_CodeArts-MiniMax-M2.5
fasterxml__jackson-databind-4257,fasterxml/jackson-databind,easy,False,8,False,True,20250329_MSWE-agent_Claude-3.5-Sonnet(Oct);20250329_MagentLess_Claude-3.5-Sonnet(Oct);20250329_MagentLess_DeepSeek-R1;20250329_MagentLess_DeepSeek-V3;20250426_MSWE-agent_Gemini-2.5-Pro;20250426_MagentLess_Gemini-2.5-Pro;20260131_InfCode_GPT-5.2;20260327_CodeArts-Agent_CodeArts-MiniMax-M2.5
fasterxml__jackson-databind-4048,fasterxml/jackson-databind,medium,True,9,False,True,20250329_MSWE-agent_OpenAI-o3-mini-high;20250329_MagentLess_DeepSeek-R1;20250329_MagentLess_OpenAI-o1;20250329_MopenHands_DeepSeek-R1;20250426_MagentLess_Gemini-2.5-Pro;20251027_iSWE-OpenModels;20251201_iSWE_Agent;20260327_CodeArts-Agent_CodeArts-MiniMax-M2.5;20260327_MSWE-Agent_CodeArts-MiniMax-M2.5
fasterxml__jackson-core-964,fasterxml/jackson-core,medium,True,9,False,True,20250329_MSWE-agent_Claude-3.7-Sonnet;20250329_MSWE-agent_GPT-4o-1120;20250329_MSWE-agent_OpenAI-o1;20250426_MagentLess_Gemini-2.5-Pro;20251027_iSWE-OpenModels;20251201_iSWE_Agent;20260131_InfCode_GPT-5.2;20260327_CodeArts-Agent_CodeArts-MiniMax-M2.5;20260327_MSWE-Agent_CodeArts-MiniMax-M2.5
google__gson-1555,google/gson,medium,True,9,False,True,20250329_MSWE-agent_Claude-3.5-Sonnet(Oct);20250329_MagentLess_DeepSeek-R1;20250329_MopenHands_Claude-3.7-Sonnet;20250426_MSWE-agent_Gemini-2.5-Pro;20250426_MagentLess_Doubao-1.5-thinking;20251201_iSWE_Agent;20260131_InfCode_GPT-5.2;20260327_CodeArts-Agent_CodeArts-MiniMax-M2.5;20260327_MSWE-Agent_CodeArts-MiniMax-M2.5
elastic__logstash-14981,elastic/logstash,medium,False,9,False,True,20250329_MagentLess_DeepSeek-R1;20250329_MagentLess_DeepSeek-V3;20250329_MagentLess_OpenAI-o1;20250329_MagentLess_Qwen2.5-72B-Instruct;20251027_iSWE-OpenModels;20251201_iSWE_Agent;20260131_InfCode_GPT-5.2;20260327_CodeArts-Agent_CodeArts-MiniMax-M2.5;20260327_MSWE-Agent_CodeArts-MiniMax-M2.5
fasterxml__jackson-databind-4641,fasterxml/jackson-databind,medium,True,9,False,True,20250329_MagentLess_Claude-3.5-Sonnet(Oct);20250329_MagentLess_Claude-3.7-Sonnet;20250329_MagentLess_DeepSeek-R1;20250329_MagentLess_OpenAI-o1;20250426_MSWE-agent_Gemini-2.5-Pro;20251201_iSWE_Agent;20260131_InfCode_GPT-5.2;20260327_CodeArts-Agent_CodeArts-MiniMax-M2.5;20260327_MSWE-Agent_CodeArts-MiniMax-M2.5
fasterxml__jackson-databind-4230,fasterxml/jackson-databind,medium,True,10,False,True,20250329_MSWE-agent_Claude-3.5-Sonnet(Oct);20250329_MSWE-agent_OpenAI-o3-mini-high;20250329_MagentLess_DeepSeek-R1;20250329_MopenHands_Claude-3.5-Sonnet(Oct);20250329_MopenHands_Claude-3.7-Sonnet;20250426_MSWE-agent_Gemini-2.5-Pro;20250426_MagentLess_Gemini-2.5-Pro;20251201_iSWE_Agent;20260327_CodeArts-Agent_CodeArts-MiniMax-M2.5;20260327_MSWE-Agent_CodeArts-MiniMax-M2.5
alibaba__fastjson2-2775,alibaba/fastjson2,medium,True,10,False,True,20250329_MSWE-agent_Claude-3.7-Sonnet;20250329_MSWE-agent_OpenAI-o1;20250329_MSWE-agent_OpenAI-o3-mini-high;20250329_MagentLess_Claude-3.5-Sonnet(Oct);20250329_MagentLess_OpenAI-o1;20251027_iSWE-OpenModels;20251201_iSWE_Agent;20260131_InfCode_GPT-5.2;20260327_CodeArts-Agent_CodeArts-MiniMax-M2.5;20260327_MSWE-Agent_CodeArts-MiniMax-M2.5
elastic__logstash-14970,elastic/logstash,medium,False,11,False,True,20250329_MSWE-agent_Claude-3.5-Sonnet(Oct);20250329_MSWE-agent_DeepSeek-R1;20250329_MagentLess_DeepSeek-R1;20250329_MagentLess_GPT-4o-1120;20250329_MagentLess_OpenAI-o1;20250329_MagentLess_Qwen2.5-72B-Instruct;20251027_iSWE-OpenModels;20251201_iSWE_Agent;20260131_InfCode_GPT-5.2;20260327_CodeArts-Agent_CodeArts-MiniMax-M2.5;20260327_MSWE-Agent_CodeArts-MiniMax-M2.5
fasterxml__jackson-databind-3625,fasterxml/jackson-databind,easy,True,11,False,True,20250329_MSWE-agent_Claude-3.5-Sonnet(Oct);20250329_MagentLess_DeepSeek-R1;20250329_MagentLess_OpenAI-o1;20250329_MopenHands_Claude-3.7-Sonnet;20250426_MagentLess_Doubao-1.5-thinking;20250426_MagentLess_Gemini-2.5-Pro;20250426_MagentLess_Llama-4-Maverick;20251201_iSWE_Agent;20260131_InfCode_GPT-5.2;20260327_CodeArts-Agent_CodeArts-MiniMax-M2.5;20260327_MSWE-Agent_CodeArts-MiniMax-M2.5
fasterxml__jackson-databind-4426,fasterxml/jackson-databind,easy,True,11,False,True,20250329_MSWE-agent_Claude-3.7-Sonnet;20250329_MSWE-agent_GPT-4o-1120;20250329_MagentLess_Qwen2.5-72B-Instruct;20250426_MagentLess_Doubao-1.5-thinking;20250426_MagentLess_Llama-4-Maverick;20250426_MopenHands_Doubao-1.5-thinking;20250426_MopenHands_Gemini-2.5-Pro;20251201_iSWE_Agent;20260131_InfCode_GPT-5.2;20260327_CodeArts-Agent_CodeArts-MiniMax-M2.5;20260327_MSWE-Agent_CodeArts-MiniMax-M2.5
fasterxml__jackson-databind-3626,fasterxml/jackson-databind,medium,False,12,False,True,20250329_MSWE-agent_Doubao-1.5-pro;20250329_MSWE-agent_GPT-4o-1120;20250329_MSWE-agent_OpenAI-o1;20250329_MagentLess_Claude-3.5-Sonnet(Oct);20250329_MopenHands_Claude-3.5-Sonnet(Oct);20250426_MSWE-agent_Gemini-2.5-Pro;20250426_MagentLess_Gemini-2.5-Pro;20250426_MopenHands_Gemini-2.5-Pro;20251027_iSWE-OpenModels;20251201_iSWE_Agent;20260131_InfCode_GPT-5.2;20260327_CodeArts-Agent_CodeArts-MiniMax-M2.5
fasterxml__jackson-core-891,fasterxml/jackson-core,medium,True,12,False,True,20250329_MSWE-agent_Claude-3.7-Sonnet;20250329_MSWE-agent_DeepSeek-R1;20250329_MagentLess_Claude-3.5-Sonnet(Oct);20250329_MagentLess_DeepSeek-R1;20250426_MSWE-agent_Doubao-1.5-thinking;20250426_MSWE-agent_Gemini-2.5-Pro;20250426_MagentLess_Gemini-2.5-Pro;20251027_iSWE-OpenModels;20251201_iSWE_Agent;20260131_InfCode_GPT-5.2;20260327_CodeArts-Agent_CodeArts-MiniMax-M2.5;20260327_MSWE-Agent_CodeArts-MiniMax-M2.5
fasterxml__jackson-core-1053,fasterxml/jackson-core,medium,True,12,False,True,20250329_MSWE-agent_Claude-3.7-Sonnet;20250329_MSWE-agent_DeepSeek-R1;20250329_MSWE-agent_OpenAI-o1;20250329_MSWE-agent_OpenAI-o3-mini-high;20250329_MopenHands_Claude-3.7-Sonnet;20250329_MopenHands_OpenAI-o3-mini-high;20250426_MSWE-agent_Gemini-2.5-Pro;20250426_MagentLess_Gemini-2.5-Pro;20251027_iSWE-OpenModels;20251201_iSWE_Agent;20260327_CodeArts-Agent_CodeArts-MiniMax-M2.5;20260327_MSWE-Agent_CodeArts-MiniMax-M2.5
google__gson-1391,google/gson,medium,True,13,False,True,20250329_MSWE-agent_Claude-3.5-Sonnet(Oct);20250329_MSWE-agent_Claude-3.7-Sonnet;20250329_MSWE-agent_OpenAI-o1;20250329_MSWE-agent_OpenAI-o3-mini-high;20250329_MopenHands_Claude-3.5-Sonnet(Oct);20250329_MopenHands_Claude-3.7-Sonnet;20250329_MopenHands_DeepSeek-R1;20250329_MopenHands_OpenAI-o1;20250426_MSWE-agent_Gemini-2.5-Pro;20250426_MopenHands_Gemini-2.5-Pro;20251027_iSWE-OpenModels;20260131_InfCode_GPT-5.2;20260327_CodeArts-Agent_CodeArts-MiniMax-M2.5
fasterxml__jackson-databind-4072,fasterxml/jackson-databind,easy,True,13,False,True,20250329_MSWE-agent_Claude-3.5-Sonnet(Oct);20250329_MSWE-agent_DeepSeek-R1;20250329_MSWE-agent_DeepSeek-V3;20250329_MSWE-agent_OpenAI-o1;20250329_MagentLess_Claude-3.7-Sonnet;20250329_MagentLess_DeepSeek-R1;20250329_MagentLess_GPT-4o-1120;20250329_MopenHands_GPT-4o-1120;20250426_MSWE-agent_Gemini-2.5-Pro;20250426_MagentLess_Doubao-1.5-thinking;20250426_MopenHands_Doubao-1.5-thinking;20260131_InfCode_GPT-5.2;20260327_CodeArts-Agent_CodeArts-MiniMax-M2.5
fasterxml__jackson-databind-4468,fasterxml/jackson-databind,easy,False,14,False,True,20250329_MSWE-agent_Claude-3.5-Sonnet(Oct);20250329_MSWE-agent_Claude-3.7-Sonnet;20250329_MSWE-agent_OpenAI-o1;20250329_MSWE-agent_OpenAI-o3-mini-high;20250329_MopenHands_Claude-3.5-Sonnet(Oct);20250329_MopenHands_Claude-3.7-Sonnet;20250426_MSWE-agent_Doubao-1.5-thinking;20250426_MSWE-agent_Gemini-2.5-Pro;20250426_MopenHands_Gemini-2.5-Pro;20251027_iSWE-OpenModels;20251201_iSWE_Agent;20260131_InfCode_GPT-5.2;20260327_CodeArts-Agent_CodeArts-MiniMax-M2.5;20260327_MSWE-Agent_CodeArts-MiniMax-M2.5
alibaba__fastjson2-2559,alibaba/fastjson2,medium,True,14,False,True,20250329_MSWE-agent_Doubao-1.5-pro;20250329_MSWE-agent_GPT-4o-1120;20250329_MagentLess_Claude-3.5-Sonnet(Oct);20250329_MagentLess_Claude-3.7-Sonnet;20250329_MagentLess_DeepSeek-V3;20250329_MagentLess_GPT-4o-1120;20250329_MagentLess_OpenAI-o1;20250329_MopenHands_Claude-3.7-Sonnet;20250329_MopenHands_OpenAI-o3-mini-high;20251027_iSWE-OpenModels;20251201_iSWE_Agent;20260131_InfCode_GPT-5.2;20260327_CodeArts-Agent_CodeArts-MiniMax-M2.5;20260327_MSWE-Agent_CodeArts-MiniMax-M2.5
fasterxml__jackson-core-566,fasterxml/jackson-core,medium,False,15,False,True,20250329_MSWE-agent_Claude-3.5-Sonnet(Oct);20250329_MSWE-agent_Claude-3.7-Sonnet;20250329_MSWE-agent_DeepSeek-V3;20250329_MSWE-agent_GPT-4o-1120;20250329_MagentLess_Claude-3.7-Sonnet;20250329_MagentLess_DeepSeek-R1;20250329_MagentLess_GPT-4o-1120;20250329_MagentLess_OpenAI-o1;20250329_MopenHands_Claude-3.5-Sonnet(Oct);20250329_MopenHands_DeepSeek-V3;20250426_MSWE-agent_Gemini-2.5-Pro;20251027_iSWE-OpenModels;20260131_InfCode_GPT-5.2;20260327_CodeArts-Agent_CodeArts-MiniMax-M2.5;20260327_MSWE-Agent_CodeArts-MiniMax-M2.5
fasterxml__jackson-databind-4015,fasterxml/jackson-databind,medium,True,15,False,True,20250329_MSWE-agent_OpenAI-o1;20250329_MagentLess_Claude-3.5-Sonnet(Oct);20250329_MagentLess_Claude-3.7-Sonnet;20250329_MagentLess_DeepSeek-R1;20250329_MagentLess_OpenAI-o1;20250329_MopenHands_Claude-3.7-Sonnet;20250329_MopenHands_DeepSeek-V3;20250329_MopenHands_OpenAI-o1;20250426_MSWE-agent_Gemini-2.5-Pro;20250426_MagentLess_Doubao-1.5-thinking;20250426_MagentLess_Gemini-2.5-Pro;20251027_iSWE-OpenModels;20251201_iSWE_Agent;20260131_InfCode_GPT-5.2;20260327_CodeArts-Agent_CodeArts-MiniMax-M2.5
fasterxml__jackson-databind-4219,fasterxml/jackson-databind,easy,True,16,False,True,20250329_MSWE-agent_Claude-3.7-Sonnet;20250329_MSWE-agent_DeepSeek-V3;20250329_MSWE-agent_OpenAI-o1;20250329_MagentLess_Claude-3.5-Sonnet(Oct);20250329_MagentLess_Claude-3.7-Sonnet;20250329_MagentLess_DeepSeek-R1;20250329_MagentLess_OpenAI-o1;20250426_MSWE-agent_Gemini-2.5-Pro;20250426_MSWE-agent_Llama-4-Maverick;20250426_MagentLess_Doubao-1.5-thinking;20250426_MagentLess_Gemini-2.5-Pro;20250426_MagentLess_Llama-4-Maverick;20250426_MopenHands_Llama-4-Maverick;20260131_InfCode_GPT-5.2;20260327_CodeArts-Agent_CodeArts-MiniMax-M2.5;20260327_MSWE-Agent_CodeArts-MiniMax-M2.5
fasterxml__jackson-databind-4050,fasterxml/jackson-databind,easy,True,18,False,True,20250329_MSWE-agent_Claude-3.7-Sonnet;20250329_MSWE-agent_GPT-4o-1120;20250329_MSWE-agent_OpenAI-o1;20250329_MagentLess_Claude-3.5-Sonnet(Oct);20250329_MagentLess_Claude-3.7-Sonnet;20250329_MagentLess_DeepSeek-R1;20250329_MagentLess_GPT-4o-1120;20250329_MagentLess_OpenAI-o1;20250329_MagentLess_Qwen2.5-72B-Instruct;20250329_MopenHands_Claude-3.7-Sonnet;20250329_MopenHands_GPT-4o-1120;20250426_MSWE-agent_Gemini-2.5-Pro;20250426_MagentLess_Gemini-2.5-Pro;20250426_MagentLess_Llama-4-Maverick;20250426_MopenHands_Gemini-2.5-Pro;20251027_iSWE-OpenModels;20260327_CodeArts-Agent_CodeArts-MiniMax-M2.5;20260327_MSWE-Agent_CodeArts-MiniMax-M2.5
google__gson-1703,google/gson,medium,False,18,False,True,20250329_MSWE-agent_Claude-3.5-Sonnet(Oct);20250329_MSWE-agent_Claude-3.7-Sonnet;20250329_MSWE-agent_DeepSeek-V3;20250329_MSWE-agent_Doubao-1.5-pro;20250329_MagentLess_Doubao-1.5-pro;20250329_MagentLess_GPT-4o-1120;20250329_MagentLess_OpenAI-o1;20250329_MagentLess_OpenAI-o3-mini-high;20250329_MopenHands_Claude-3.7-Sonnet;20250329_MopenHands_OpenAI-o3-mini-high;20250426_MSWE-agent_Doubao-1.5-thinking;20250426_MSWE-agent_Gemini-2.5-Pro;20250426_MSWE-agent_Llama-4-Maverick;20250426_MagentLess_Gemini-2.5-Pro;20250426_MagentLess_Llama-4-Maverick;20250426_MopenHands_Gemini-2.5-Pro;20250426_MopenHands_Llama-4-Maverick;20251027_iSWE-OpenModels
fasterxml__jackson-core-1309,fasterxml/jackson-core,medium,False,18,False,True,20250329_MSWE-agent_DeepSeek-R1;20250329_MSWE-agent_OpenAI-o1;20250329_MagentLess_DeepSeek-R1;20250329_MagentLess_DeepSeek-V3;20250329_MagentLess_GPT-4o-1120;20250329_MagentLess_OpenAI-o1;20250329_MopenHands_Claude-3.5-Sonnet(Oct);20250329_MopenHands_Claude-3.7-Sonnet;20250426_MSWE-agent_Doubao-1.5-thinking;20250426_MSWE-agent_Gemini-2.5-Pro;20250426_MagentLess_Doubao-1.5-thinking;20250426_MagentLess_Gemini-2.5-Pro;20250426_MagentLess_Llama-4-Maverick;20251027_iSWE-OpenModels;20251201_iSWE_Agent;20260131_InfCode_GPT-5.2;20260327_CodeArts-Agent_CodeArts-MiniMax-M2.5;20260327_MSWE-Agent_CodeArts-MiniMax-M2.5
googlecontainertools__jib-2536,googlecontainertools/jib,medium,True,19,False,True,20250329_MSWE-agent_Claude-3.5-Sonnet(Oct);20250329_MSWE-agent_Claude-3.7-Sonnet;20250329_MSWE-agent_DeepSeek-R1;20250329_MSWE-agent_OpenAI-o1;20250329_MagentLess_Claude-3.5-Sonnet(Oct);20250329_MagentLess_Claude-3.7-Sonnet;20250329_MagentLess_DeepSeek-V3;20250329_MagentLess_GPT-4o-1120;20250329_MagentLess_OpenAI-o1;20250329_MagentLess_Qwen2.5-72B-Instruct;20250329_MopenHands_Claude-3.7-Sonnet;20250329_MopenHands_DeepSeek-V3;20250329_MopenHands_OpenAI-o3-mini-high;20250426_MSWE-agent_Doubao-1.5-thinking;20250426_MSWE-agent_Gemini-2.5-Pro;20250426_MagentLess_Doubao-1.5-thinking;20250426_MagentLess_Gemini-2.5-Pro;20251027_iSWE-OpenModels;20251201_iSWE_Agent
fasterxml__jackson-databind-4360,fasterxml/jackson-databind,easy,False,22,False,True,20250329_MSWE-agent_DeepSeek-V3;20250329_MSWE-agent_Doubao-1.5-pro;20250329_MSWE-agent_GPT-4o-1120;20250329_MSWE-agent_OpenAI-o1;20250329_MSWE-agent_OpenAI-o3-mini-high;20250329_MagentLess_Claude-3.5-Sonnet(Oct);20250329_MagentLess_DeepSeek-R1;20250329_MagentLess_Doubao-1.5-pro;20250329_MagentLess_GPT-4o-1120;20250329_MagentLess_OpenAI-o1;20250329_MagentLess_Qwen2.5-72B-Instruct;20250329_MopenHands_DeepSeek-R1;20250329_MopenHands_DeepSeek-V3;20250426_MSWE-agent_Gemini-2.5-Pro;20250426_MagentLess_Gemini-2.5-Pro;20250426_MagentLess_Llama-4-Maverick;20250426_MopenHands_Doubao-1.5-thinking;20251027_iSWE-OpenModels;20251201_iSWE_Agent;20260131_InfCode_GPT-5.2;20260327_CodeArts-Agent_CodeArts-MiniMax-M2.5;20260327_MSWE-Agent_CodeArts-MiniMax-M2.5
fasterxml__jackson-databind-4487,fasterxml/jackson-databind,easy,False,23,False,True,20250329_MSWE-agent_Claude-3.5-Sonnet(Oct);20250329_MSWE-agent_Claude-3.7-Sonnet;20250329_MSWE-agent_DeepSeek-V3;20250329_MSWE-agent_Doubao-1.5-pro;20250329_MSWE-agent_OpenAI-o1;20250329_MSWE-agent_Qwen2.5-72B-Instruct;20250329_MagentLess_Claude-3.7-Sonnet;20250329_MagentLess_Doubao-1.5-pro;20250329_MagentLess_OpenAI-o1;20250329_MopenHands_Claude-3.5-Sonnet(Oct);20250329_MopenHands_Claude-3.7-Sonnet;20250329_MopenHands_GPT-4o-1120;20250426_MSWE-agent_Doubao-1.5-thinking;20250426_MSWE-agent_Gemini-2.5-Pro;20250426_MagentLess_Doubao-1.5-thinking;20250426_MagentLess_Gemini-2.5-Pro;20250426_MopenHands_Doubao-1.5-thinking;20250426_MopenHands_Gemini-2.5-Pro;20251027_iSWE-OpenModels;20251201_iSWE_Agent;20260131_InfCode_GPT-5.2;20260327_CodeArts-Agent_CodeArts-MiniMax-M2.5;20260327_MSWE-Agent_CodeArts-MiniMax-M2.5
googlecontainertools__jib-2688,googlecontainertools/jib,medium,True,23,False,True,20250329_MSWE-agent_Claude-3.7-Sonnet;20250329_MSWE-agent_DeepSeek-R1;20250329_MSWE-agent_DeepSeek-V3;20250329_MSWE-agent_GPT-4o-1120;20250329_MSWE-agent_OpenAI-o1;20250329_MagentLess_Claude-3.7-Sonnet;20250329_MagentLess_DeepSeek-R1;20250329_MagentLess_GPT-4o-1120;20250329_MagentLess_OpenAI-o1;20250329_MopenHands_DeepSeek-R1;20250329_MopenHands_DeepSeek-V3;20250329_MopenHands_GPT-4o-1120;20250426_MSWE-agent_Doubao-1.5-thinking;20250426_MSWE-agent_Gemini-2.5-Pro;20250426_MagentLess_Doubao-1.5-thinking;20250426_MagentLess_Gemini-2.5-Pro;20250426_MagentLess_Llama-4-Maverick;20250426_MopenHands_Doubao-1.5-thinking;20250426_MopenHands_Gemini-2.5-Pro;20251027_iSWE-OpenModels;20251201_iSWE_Agent;20260327_CodeArts-Agent_CodeArts-MiniMax-M2.5;20260327_MSWE-Agent_CodeArts-MiniMax-M2.5
fasterxml__jackson-databind-4320,fasterxml/jackson-databind,easy,True,23,False,True,20250329_MSWE-agent_Claude-3.5-Sonnet(Oct);20250329_MSWE-agent_Claude-3.7-Sonnet;20250329_MSWE-agent_OpenAI-o1;20250329_MSWE-agent_OpenAI-o3-mini-high;20250329_MagentLess_Claude-3.5-Sonnet(Oct);20250329_MagentLess_Claude-3.7-Sonnet;20250329_MagentLess_DeepSeek-R1;20250329_MagentLess_DeepSeek-V3;20250329_MagentLess_OpenAI-o1;20250329_MopenHands_Claude-3.5-Sonnet(Oct);20250329_MopenHands_Claude-3.7-Sonnet;20250329_MopenHands_DeepSeek-V3;20250329_MopenHands_OpenAI-o3-mini-high;20250426_MSWE-agent_Gemini-2.5-Pro;20250426_MSWE-agent_Llama-4-Maverick;20250426_MagentLess_Doubao-1.5-thinking;20250426_MagentLess_Gemini-2.5-Pro;20250426_MagentLess_Llama-4-Maverick;20250426_MopenHands_Llama-4-Maverick;20251027_iSWE-OpenModels;20260131_InfCode_GPT-5.2;20260327_CodeArts-Agent_CodeArts-MiniMax-M2.5;20260327_MSWE-Agent_CodeArts-MiniMax-M2.5
fasterxml__jackson-databind-4311,fasterxml/jackson-databind,easy,True,24,False,True,20250329_MSWE-agent_Claude-3.5-Sonnet(Oct);20250329_MSWE-agent_Claude-3.7-Sonnet;20250329_MSWE-agent_DeepSeek-R1;20250329_MSWE-agent_DeepSeek-V3;20250329_MSWE-agent_OpenAI-o1;20250329_MSWE-agent_OpenAI-o3-mini-high;20250329_MagentLess_Claude-3.5-Sonnet(Oct);20250329_MagentLess_Claude-3.7-Sonnet;20250329_MagentLess_DeepSeek-R1;20250329_MagentLess_GPT-4o-1120;20250329_MagentLess_OpenAI-o1;20250329_MagentLess_Qwen2.5-72B-Instruct;20250329_MopenHands_Claude-3.7-Sonnet;20250329_MopenHands_DeepSeek-V3;20250329_MopenHands_GPT-4o-1120;20250329_MopenHands_OpenAI-o3-mini-high;20250426_MSWE-agent_Doubao-1.5-thinking;20250426_MSWE-agent_Gemini-2.5-Pro;20250426_MSWE-agent_Llama-4-Maverick;20250426_MagentLess_Gemini-2.5-Pro;20250426_MagentLess_Llama-4-Maverick;20250426_MopenHands_Llama-4-Maverick;20251201_iSWE_Agent;20260327_CodeArts-Agent_CodeArts-MiniMax-M2.5
google__gson-1093,google/gson,medium,True,24,False,True,20250329_MSWE-agent_Claude-3.5-Sonnet(Oct);20250329_MSWE-agent_Claude-3.7-Sonnet;20250329_MSWE-agent_DeepSeek-V3;20250329_MSWE-agent_GPT-4o-1120;20250329_MSWE-agent_OpenAI-o1;20250329_MSWE-agent_OpenAI-o3-mini-high;20250329_MopenHands_Claude-3.5-Sonnet(Oct);20250329_MopenHands_Claude-3.7-Sonnet;20250329_MopenHands_DeepSeek-R1;20250329_MopenHands_DeepSeek-V3;20250329_MopenHands_GPT-4o-1120;20250329_MopenHands_OpenAI-o1;20250329_MopenHands_OpenAI-o3-mini-high;20250426_MSWE-agent_Doubao-1.5-thinking;20250426_MSWE-agent_Gemini-2.5-Pro;20250426_MSWE-agent_Llama-4-Maverick;20250426_MopenHands_Doubao-1.5-thinking;20250426_MopenHands_Gemini-2.5-Pro;20250426_MopenHands_Llama-4-Maverick;20251027_iSWE-OpenModels;20251201_iSWE_Agent;20260131_InfCode_GPT-5.2;20260327_CodeArts-Agent_CodeArts-MiniMax-M2.5;20260327_MSWE-Agent_CodeArts-MiniMax-M2.5
fasterxml__jackson-databind-3701,fasterxml/jackson-databind,easy,True,24,False,True,20250329_MSWE-agent_DeepSeek-R1;20250329_MSWE-agent_DeepSeek-V3;20250329_MSWE-agent_GPT-4o-1120;20250329_MSWE-agent_OpenAI-o1;20250329_MSWE-agent_OpenAI-o3-mini-high;20250329_MagentLess_Claude-3.5-Sonnet(Oct);20250329_MagentLess_Claude-3.7-Sonnet;20250329_MagentLess_DeepSeek-R1;20250329_MagentLess_GPT-4o-1120;20250329_MagentLess_OpenAI-o3-mini-high;20250329_MagentLess_Qwen2.5-72B-Instruct;20250329_MopenHands_Claude-3.7-Sonnet;20250329_MopenHands_GPT-4o-1120;20250329_MopenHands_OpenAI-o1;20250426_MSWE-agent_Gemini-2.5-Pro;20250426_MSWE-agent_Llama-4-Maverick;20250426_MagentLess_Gemini-2.5-Pro;20250426_MagentLess_Llama-4-Maverick;20250426_MopenHands_Doubao-1.5-thinking;20250426_MopenHands_Llama-4-Maverick;20251027_iSWE-OpenModels;20251201_iSWE_Agent;20260327_CodeArts-Agent_CodeArts-MiniMax-M2.5;20260327_MSWE-Agent_CodeArts-MiniMax-M2.5
fasterxml__jackson-databind-1923,fasterxml/jackson-databind,easy,True,25,False,True,20250329_MSWE-agent_Claude-3.5-Sonnet(Oct);20250329_MSWE-agent_Claude-3.7-Sonnet;20250329_MSWE-agent_DeepSeek-R1;20250329_MSWE-agent_DeepSeek-V3;20250329_MSWE-agent_OpenAI-o1;20250329_MSWE-agent_OpenAI-o3-mini-high;20250329_MagentLess_Claude-3.5-Sonnet(Oct);20250329_MagentLess_Claude-3.7-Sonnet;20250329_MagentLess_DeepSeek-R1;20250329_MagentLess_DeepSeek-V3;20250329_MagentLess_OpenAI-o1;20250329_MagentLess_Qwen2.5-72B-Instruct;20250329_MopenHands_Claude-3.5-Sonnet(Oct);20250329_MopenHands_Claude-3.7-Sonnet;20250329_MopenHands_OpenAI-o3-mini-high;20250426_MSWE-agent_Doubao-1.5-thinking;20250426_MSWE-agent_Gemini-2.5-Pro;20250426_MagentLess_Gemini-2.5-Pro;20250426_MagentLess_Llama-4-Maverick;20250426_MopenHands_Doubao-1.5-thinking;20251027_iSWE-OpenModels;20251201_iSWE_Agent;20260131_InfCode_GPT-5.2;20260327_CodeArts-Agent_CodeArts-MiniMax-M2.5;20260327_MSWE-Agent_CodeArts-MiniMax-M2.5
fasterxml__jackson-databind-3860,fasterxml/jackson-databind,medium,True,26,False,True,20250329_MSWE-agent_Claude-3.5-Sonnet(Oct);20250329_MSWE-agent_Claude-3.7-Sonnet;20250329_MSWE-agent_DeepSeek-R1;20250329_MSWE-agent_Doubao-1.5-pro;20250329_MSWE-agent_GPT-4o-1120;20250329_MSWE-agent_OpenAI-o1;20250329_MSWE-agent_OpenAI-o3-mini-high;20250329_MagentLess_Claude-3.7-Sonnet;20250329_MagentLess_DeepSeek-R1;20250329_MagentLess_Doubao-1.5-pro;20250329_MagentLess_OpenAI-o1;20250329_MopenHands_Claude-3.5-Sonnet(Oct);20250329_MopenHands_Claude-3.7-Sonnet;20250329_MopenHands_DeepSeek-V3;20250329_MopenHands_GPT-4o-1120;20250426_MSWE-agent_Doubao-1.5-thinking;20250426_MSWE-agent_Gemini-2.5-Pro;20250426_MSWE-agent_Llama-4-Maverick;20250426_MagentLess_Gemini-2.5-Pro;20250426_MagentLess_Llama-4-Maverick;20250426_MopenHands_Llama-4-Maverick;20251027_iSWE-OpenModels;20251201_iSWE_Agent;20260131_InfCode_GPT-5.2;20260327_CodeArts-Agent_CodeArts-MiniMax-M2.5;20260327_MSWE-Agent_CodeArts-MiniMax-M2.5
fasterxml__jackson-core-1142,fasterxml/jackson-core,easy,True,26,False,True,20250329_MSWE-agent_Claude-3.5-Sonnet(Oct);20250329_MSWE-agent_Claude-3.7-Sonnet;20250329_MSWE-agent_GPT-4o-1120;20250329_MSWE-agent_OpenAI-o1;20250329_MSWE-agent_OpenAI-o3-mini-high;20250329_MagentLess_DeepSeek-R1;20250329_MagentLess_DeepSeek-V3;20250329_MagentLess_Doubao-1.5-pro;20250329_MagentLess_OpenAI-o1;20250329_MagentLess_OpenAI-o3-mini-high;20250329_MagentLess_Qwen2.5-72B-Instruct;20250329_MopenHands_Claude-3.5-Sonnet(Oct);20250329_MopenHands_Claude-3.7-Sonnet;20250329_MopenHands_DeepSeek-R1;20250329_MopenHands_GPT-4o-1120;20250329_MopenHands_OpenAI-o1;20250329_MopenHands_OpenAI-o3-mini-high;20250329_MopenHands_Qwen2.5-72B-Instruct;20250426_MSWE-agent_Doubao-1.5-thinking;20250426_MSWE-agent_Gemini-2.5-Pro;20250426_MopenHands_Doubao-1.5-thinking;20251027_iSWE-OpenModels;20251201_iSWE_Agent;20260131_InfCode_GPT-5.2;20260327_CodeArts-Agent_CodeArts-MiniMax-M2.5;20260327_MSWE-Agent_CodeArts-MiniMax-M2.5
fasterxml__jackson-dataformat-xml-638,fasterxml/jackson-dataformat-xml,medium,True,28,False,True,20250329_MSWE-agent_Claude-3.5-Sonnet(Oct);20250329_MSWE-agent_Claude-3.7-Sonnet;20250329_MSWE-agent_GPT-4o-1120;20250329_MSWE-agent_OpenAI-o1;20250329_MSWE-agent_OpenAI-o3-mini-high;20250329_MagentLess_Claude-3.5-Sonnet(Oct);20250329_MagentLess_Claude-3.7-Sonnet;20250329_MagentLess_DeepSeek-R1;20250329_MagentLess_Doubao-1.5-pro;20250329_MagentLess_GPT-4o-1120;20250329_MagentLess_OpenAI-o1;20250329_MagentLess_OpenAI-o3-mini-high;20250329_MagentLess_Qwen2.5-72B-Instruct;20250329_MopenHands_Claude-3.5-Sonnet(Oct);20250329_MopenHands_Claude-3.7-Sonnet;20250329_MopenHands_DeepSeek-R1;20250329_MopenHands_OpenAI-o3-mini-high;20250426_MSWE-agent_Doubao-1.5-thinking;20250426_MSWE-agent_Gemini-2.5-Pro;20250426_MagentLess_Doubao-1.5-thinking;20250426_MagentLess_Gemini-2.5-Pro;20250426_MagentLess_Llama-4-Maverick;20250426_MopenHands_Doubao-1.5-thinking;20250426_MopenHands_Gemini-2.5-Pro;20251027_iSWE-OpenModels;20251201_iSWE_Agent;20260327_CodeArts-Agent_CodeArts-MiniMax-M2.5;20260327_MSWE-Agent_CodeArts-MiniMax-M2.5
fasterxml__jackson-databind-4486,fasterxml/jackson-databind,easy,True,29,False,True,20250329_MSWE-agent_Claude-3.5-Sonnet(Oct);20250329_MSWE-agent_Claude-3.7-Sonnet;20250329_MSWE-agent_DeepSeek-V3;20250329_MSWE-agent_OpenAI-o3-mini-high;20250329_MagentLess_Claude-3.5-Sonnet(Oct);20250329_MagentLess_Claude-3.7-Sonnet;20250329_MagentLess_DeepSeek-R1;20250329_MagentLess_Doubao-1.5-pro;20250329_MagentLess_OpenAI-o1;20250329_MagentLess_OpenAI-o3-mini-high;20250329_MagentLess_Qwen2.5-72B-Instruct;20250329_MopenHands_Claude-3.5-Sonnet(Oct);20250329_MopenHands_Claude-3.7-Sonnet;20250329_MopenHands_DeepSeek-V3;20250329_MopenHands_GPT-4o-1120;20250329_MopenHands_OpenAI-o3-mini-high;20250426_MSWE-agent_Gemini-2.5-Pro;20250426_MSWE-agent_Llama-4-Maverick;20250426_MagentLess_Doubao-1.5-thinking;20250426_MagentLess_Gemini-2.5-Pro;20250426_MagentLess_Llama-4-Maverick;20250426_MopenHands_Doubao-1.5-thinking;20250426_MopenHands_Gemini-2.5-Pro;20250426_MopenHands_Llama-4-Maverick;20251027_iSWE-OpenModels;20251201_iSWE_Agent;20260131_InfCode_GPT-5.2;20260327_CodeArts-Agent_CodeArts-MiniMax-M2.5;20260327_MSWE-Agent_CodeArts-MiniMax-M2.5
googlecontainertools__jib-4035,googlecontainertools/jib,medium,False,31,False,True,20250329_MSWE-agent_Claude-3.5-Sonnet(Oct);20250329_MSWE-agent_Claude-3.7-Sonnet;20250329_MSWE-agent_DeepSeek-R1;20250329_MSWE-agent_DeepSeek-V3;20250329_MSWE-agent_Doubao-1.5-pro;20250329_MSWE-agent_GPT-4o-1120;20250329_MSWE-agent_OpenAI-o1;20250329_MSWE-agent_Qwen2.5-72B-Instruct;20250329_MagentLess_Claude-3.7-Sonnet;20250329_MagentLess_DeepSeek-R1;20250329_MagentLess_GPT-4o-1120;20250329_MagentLess_OpenAI-o1;20250329_MagentLess_OpenAI-o3-mini-high;20250329_MagentLess_Qwen2.5-72B-Instruct;20250329_MopenHands_Claude-3.5-Sonnet(Oct);20250329_MopenHands_Claude-3.7-Sonnet;20250329_MopenHands_DeepSeek-R1;20250329_MopenHands_DeepSeek-V3;20250329_MopenHands_Doubao-1.5-pro;20250329_MopenHands_GPT-4o-1120;20250329_MopenHands_Qwen2.5-72B-Instruct;20250426_MSWE-agent_Doubao-1.5-thinking;20250426_MSWE-agent_Gemini-2.5-Pro;20250426_MagentLess_Doubao-1.5-thinking;20250426_MagentLess_Gemini-2.5-Pro;20250426_MagentLess_Llama-4-Maverick;20250426_MopenHands_Doubao-1.5-thinking;20250426_MopenHands_Gemini-2.5-Pro;20251027_iSWE-OpenModels;20251201_iSWE_Agent;20260131_InfCode_GPT-5.2
fasterxml__jackson-core-183,fasterxml/jackson-core,easy,True,32,False,True,20250329_MSWE-agent_Claude-3.5-Sonnet(Oct);20250329_MSWE-agent_Claude-3.7-Sonnet;20250329_MSWE-agent_DeepSeek-V3;20250329_MSWE-agent_Doubao-1.5-pro;20250329_MSWE-agent_GPT-4o-1120;20250329_MSWE-agent_OpenAI-o1;20250329_MSWE-agent_OpenAI-o3-mini-high;20250329_MSWE-agent_Qwen2.5-72B-Instruct;20250329_MagentLess_DeepSeek-R1;20250329_MagentLess_DeepSeek-V3;20250329_MagentLess_GPT-4o-1120;20250329_MagentLess_OpenAI-o1;20250329_MagentLess_OpenAI-o3-mini-high;20250329_MagentLess_Qwen2.5-72B-Instruct;20250329_MopenHands_Claude-3.5-Sonnet(Oct);20250329_MopenHands_Claude-3.7-Sonnet;20250329_MopenHands_DeepSeek-R1;20250329_MopenHands_DeepSeek-V3;20250329_MopenHands_GPT-4o-1120;20250329_MopenHands_OpenAI-o3-mini-high;20250329_MopenHands_Qwen2.5-72B-Instruct;20250426_MSWE-agent_Doubao-1.5-thinking;20250426_MSWE-agent_Gemini-2.5-Pro;20250426_MagentLess_Doubao-1.5-thinking;20250426_MagentLess_Gemini-2.5-Pro;20250426_MopenHands_Doubao-1.5-thinking;20250426_MopenHands_Gemini-2.5-Pro;20251027_iSWE-OpenModels;20251201_iSWE_Agent;20260131_InfCode_GPT-5.2;20260327_CodeArts-Agent_CodeArts-MiniMax-M2.5;20260327_MSWE-Agent_CodeArts-MiniMax-M2.5
