instance_id,repo,difficulty,resolved,in_results_submitted,in_results_completed,in_results_incomplete,in_results_empty_patch,in_results_error,has_report,report_valid,report_error_headline,fixed_tests,p2p_tests,f2p_tests,s2p_tests,n2p_tests,run_result_passed,run_result_failed,run_result_skipped,test_patch_result_passed,test_patch_result_failed,test_patch_result_skipped,fix_patch_result_passed,fix_patch_result_failed,fix_patch_result_skipped,has_fix_patch_run_log,patch_apply_failed,patch_apply_error_headline,has_patch_diff,patch_source,patch_files,patch_hunks,patch_added,patch_removed,patch_churn,patch_net,patch_is_empty,has_traj_file,has_traj,traj_is_stub,exit_status,submission_present,n_messages,n_assistant,n_user,n_system,n_bash_calls,api_calls,prompt_tokens,completion_tokens,total_tokens,runtime_sec,mini_version,phase_ISSUE_REPRODUCT_msgs,phase_ISSUE_REPRODUCT_steps,phase_ISSUE_REPRODUCT_complete,phase_ISSUE_REPRODUCT_giveup,phase_ISSUE_REPRODUCT_visited,phase_TEST_SYNTHSIZE_msgs,phase_TEST_SYNTHSIZE_steps,phase_TEST_SYNTHSIZE_complete,phase_TEST_SYNTHSIZE_giveup,phase_TEST_SYNTHSIZE_visited,phase_CODE_LOCALIZE_msgs,phase_CODE_LOCALIZE_steps,phase_CODE_LOCALIZE_complete,phase_CODE_LOCALIZE_giveup,phase_CODE_LOCALIZE_visited,phase_TEST_LOCALIZE_msgs,phase_TEST_LOCALIZE_steps,phase_TEST_LOCALIZE_complete,phase_TEST_LOCALIZE_giveup,phase_TEST_LOCALIZE_visited,phase_CODE_FIX_msgs,phase_CODE_FIX_steps,phase_CODE_FIX_complete,phase_CODE_FIX_giveup,phase_CODE_FIX_visited,phase_VERIFY_PATCH_msgs,phase_VERIFY_PATCH_steps,phase_VERIFY_PATCH_complete,phase_VERIFY_PATCH_giveup,phase_VERIFY_PATCH_visited,phase_ISSUE_CLOSE_msgs,phase_ISSUE_CLOSE_steps,phase_ISSUE_CLOSE_complete,phase_ISSUE_CLOSE_giveup,phase_ISSUE_CLOSE_visited,phase_FINAL_REPORT_msgs,phase_FINAL_REPORT_steps,phase_FINAL_REPORT_complete,phase_FINAL_REPORT_giveup,phase_FINAL_REPORT_visited,phase_unknown_msgs,patch_successfully_applied,artefact_missing,all_phases_visited
elastic__logstash-13825,elastic/logstash,hard,False,True,True,False,False,False,True,False,"After applying the fix patch, no test cases transitioned from failed to passed. A brief summary is as follows: Test Result Summary:",0,0,0,0,0,156,1,23,154,2,23,154,2,23,True,False,,True,logs/fix.patch,2,2,17,0,17,17,False,True,True,False,Submitted,True,524,250,266,8,242,460,6283070,71780,6354850,2547.047532558441,1.17.2,96,10,1,0,1,79,9,1,0,1,61,9,1,0,1,75,8,1,0,1,87,8,1,0,1,59,8,1,0,1,41,9,1,0,1,26,4,1,0,1,0,True,False,True
elastic__logstash-14571,elastic/logstash,hard,False,True,True,False,False,False,True,False,"After applying the fix patch, no test cases transitioned from failed to passed. A brief summary is as follows: Test Result Summary:",0,0,0,0,0,998,2,32,173,1,26,173,1,26,True,False,,True,logs/fix.patch,1,5,158,1,159,157,False,True,True,False,Submitted,True,739,353,375,11,341,650,10186913,141818,10328731,6314.143011569977,1.17.2,74,10,1,0,1,101,9,1,0,1,59,9,1,0,1,49,8,1,0,1,184,9,2,0,1,195,8,2,1,1,49,9,1,0,1,28,4,1,0,1,0,True,False,True
fasterxml__jackson-databind-4615,fasterxml/jackson-databind,medium,False,True,True,False,False,False,True,False,"After applying the fix patch, no test results were captured when executing the test command. A brief summary is as follows: Test Result Summary:",0,0,0,0,0,609,0,0,0,0,0,0,0,0,True,False,,True,logs/fix.patch,3,3,37,2,39,35,False,True,True,False,Submitted,True,558,267,283,8,259,494,5621416,65704,5687120,2809.5007903575897,1.17.2,62,10,1,0,1,99,9,1,0,1,81,9,1,0,1,73,8,1,0,1,97,9,1,0,1,47,8,1,0,1,73,9,1,0,1,26,4,1,0,1,0,True,False,True
googlecontainertools__jib-4035,googlecontainertools/jib,medium,False,True,True,False,False,False,True,False,"After applying the fix patch, no test results were captured when executing the test command. A brief summary is as follows: Test Result Summary:",0,0,0,0,0,58,20,15,60,7,15,0,0,0,True,True,error: patch failed: jib-core/src/test/java/com/google/cloud/tools/jib/registry/RegistryAuthenticatorTest.java:180,True,logs/fix.patch,2,2,76,2,78,74,False,True,True,False,Submitted,True,518,247,263,8,239,454,4899368,81392,4980760,2523.9385662078857,1.17.2,74,10,1,0,1,107,9,1,0,1,59,9,1,0,1,53,8,1,0,1,93,9,1,0,1,55,8,1,0,1,45,9,1,0,1,32,4,1,0,1,0,False,False,True
elastic__logstash-13930,elastic/logstash,hard,False,True,True,False,False,False,True,False,"After applying the fix patch, no test cases transitioned from failed to passed. A brief summary is as follows: Test Result Summary:",0,0,0,0,0,156,1,23,154,2,23,154,2,23,True,False,,True,logs/fix.patch,9,24,147,30,177,117,False,True,True,False,Submitted,True,638,307,323,8,299,574,9988808,85149,10073957,2879.180221557617,1.17.2,78,10,1,0,1,71,9,1,0,1,85,9,1,0,1,75,8,1,0,1,209,9,1,0,1,51,8,1,0,1,45,9,1,0,1,24,4,1,0,1,0,True,False,True
fasterxml__jackson-core-922,fasterxml/jackson-core,medium,False,True,True,False,False,False,True,False,"After applying the fix patch, no test results were captured when executing the test command. A brief summary is as follows: Test Result Summary:",0,0,0,0,0,166,0,0,166,1,0,0,0,0,True,False,,True,logs/fix.patch,4,13,14,14,28,0,False,True,True,False,Submitted,True,474,225,241,8,217,410,4108847,63033,4171880,3202.8779203891754,1.17.2,72,10,1,0,1,59,9,1,0,1,63,9,1,0,1,71,8,1,0,1,73,9,1,0,1,45,8,1,0,1,65,9,1,0,1,26,4,1,0,1,0,True,False,True
elastic__logstash-16681,elastic/logstash,medium,False,True,True,False,False,False,True,True,,3,1039,3,0,0,1120,2,30,1120,4,30,1042,0,21,True,False,,True,logs/fix.patch,1,3,17,10,27,7,False,True,True,False,Submitted,True,613,293,311,9,284,541,10376327,96406,10472733,7496.759082555771,1.17.2,102,10,1,0,1,85,9,1,0,1,53,9,1,0,1,77,8,1,0,1,97,9,1,0,1,114,8,2,0,1,55,9,1,0,1,30,4,1,0,1,0,True,False,True
elastic__logstash-16482,elastic/logstash,hard,False,True,True,False,False,False,True,False,"Before applying the fix patch, the test passed; however, after applying the fix patch, the test failed. A brief summary is as follows: Test Result Summary:",0,0,0,0,0,1042,2,29,1050,6,29,1050,6,29,True,False,,True,logs/fix.patch,2,2,17,5,22,12,False,True,True,False,Submitted,True,630,303,319,8,295,566,6989801,85747,7075548,4520.371306419373,1.17.2,168,10,1,0,1,91,9,1,0,1,53,9,1,0,1,101,8,1,0,1,67,9,1,0,1,49,8,1,0,1,69,9,1,0,1,32,4,1,0,1,0,True,False,True
fasterxml__jackson-core-183,fasterxml/jackson-core,easy,True,True,True,False,False,False,True,True,,1,65,1,0,0,66,0,0,65,1,0,66,0,0,True,False,,True,logs/fix.patch,1,1,7,2,9,5,False,True,True,False,Submitted,True,530,253,269,8,245,466,4444161,61007,4505168,1957.8889195919037,1.17.2,64,10,1,0,1,85,9,1,0,1,83,9,1,0,1,85,8,1,0,1,75,9,1,0,1,51,8,1,0,1,51,9,1,0,1,36,4,1,0,1,0,True,False,True
fasterxml__jackson-databind-3560,fasterxml/jackson-databind,medium,False,True,True,False,False,False,True,False,"After applying the fix patch, no test cases transitioned from failed to passed. A brief summary is as follows: Test Result Summary:",0,0,0,0,0,588,0,0,587,1,0,587,1,0,True,False,,True,logs/fix.patch,4,14,94,18,112,76,False,True,True,False,Submitted,True,634,305,321,8,296,569,7604257,91753,7696010,2804.0080120563507,1.17.2,80,10,1,0,1,69,9,1,0,1,99,9,1,0,1,59,8,1,0,1,185,9,1,0,1,49,8,1,0,1,63,9,1,0,1,30,4,1,0,1,0,True,False,True
apache__dubbo-7041,apache/dubbo,medium,False,True,True,False,False,False,True,False,"Before applying the fix patch, the test passed; however, after applying the fix patch, the test failed. A brief summary is as follows: Test Result Summary:",0,0,0,0,0,128,5,0,127,6,0,125,8,0,True,False,,True,logs/fix.patch,1,1,6,1,7,5,False,True,True,False,Submitted,True,530,253,269,8,245,466,4542976,60268,4603244,1935.2999923229218,1.17.2,56,10,1,0,1,57,9,1,0,1,79,9,1,0,1,87,8,1,0,1,99,9,1,0,1,71,8,1,0,1,53,9,1,0,1,28,4,1,0,1,0,True,False,True
alibaba__fastjson2-2097,alibaba/fastjson2,medium,False,True,True,False,False,False,True,False,"Before applying the fix patch, the test passed; however, after applying the fix patch, the test failed. A brief summary is as follows: Test Result Summary:",0,0,0,0,0,2485,0,1,1742,1,1,1740,3,1,True,False,,True,logs/fix.patch,1,3,39,56,95,-17,False,True,True,False,Submitted,True,1104,536,558,10,511,1005,16185882,411585,16597467,8951.292974233627,1.17.2,84,10,1,0,1,105,9,1,0,1,567,9,1,0,1,101,8,1,0,1,127,9,1,0,1,43,8,1,0,1,53,9,1,0,1,24,4,1,0,1,0,True,False,True
fasterxml__jackson-core-566,fasterxml/jackson-core,medium,False,True,True,False,False,False,True,False,"By comparing the test results before and after applying the fix patch, an anomalous pattern was detected. A brief summary is as follows: Test Result Summary:",132,0,0,0,0,133,0,0,0,0,0,132,1,0,True,False,,True,logs/fix.patch,1,2,92,3,95,89,False,True,True,False,Submitted,True,870,421,440,9,397,782,15417254,353228,15770482,7038.618623018265,1.17.2,54,10,1,0,1,65,9,1,0,1,97,9,1,0,1,65,8,1,0,1,455,9,1,0,1,45,8,1,0,1,57,9,1,0,1,32,4,1,0,1,0,True,False,True
elastic__logstash-14027,elastic/logstash,hard,False,True,True,False,False,False,True,False,"After applying the fix patch, no test cases transitioned from failed to passed. A brief summary is as follows: Test Result Summary:",0,0,0,0,0,156,1,23,154,2,23,154,2,23,True,False,,True,logs/fix.patch,2,3,25,2,27,23,False,True,True,False,Submitted,True,692,334,350,8,326,628,9212332,95015,9307347,3504.0966935157776,1.17.2,158,10,1,0,1,85,9,1,0,1,77,9,1,0,1,97,8,1,0,1,139,9,1,0,1,49,8,1,0,1,57,9,1,0,1,30,4,1,0,1,0,True,False,True
elastic__logstash-17021,elastic/logstash,hard,False,True,True,False,False,False,True,False,"After applying the fix patch, no test results were captured when executing the test command. A brief summary is as follows: Test Result Summary:",0,0,0,0,0,1168,2,30,1179,7,30,0,0,0,True,False,,True,logs/fix.patch,179,334,1206,6664,7870,-5458,False,True,True,False,Submitted,True,717,345,363,9,336,645,8707181,92517,8799698,4929.185438156128,1.17.2,122,10,1,0,1,81,9,1,0,1,71,9,1,0,1,83,8,1,0,1,137,9,1,0,1,142,8,2,0,1,57,9,1,0,1,24,4,1,0,1,0,True,False,True
fasterxml__jackson-core-729,fasterxml/jackson-core,hard,False,True,True,False,False,False,True,False,"After applying the fix patch, no test results were captured when executing the test command. A brief summary is as follows: Test Result Summary:",0,0,0,0,0,138,0,0,0,0,0,0,0,0,True,False,,True,logs/fix.patch,4,56,191,2,193,189,False,True,True,False,Submitted,True,778,377,393,8,367,712,12654607,169539,12824146,4508.9362251758575,1.17.2,76,10,1,0,1,101,9,1,0,1,81,9,1,0,1,69,8,1,0,1,263,9,1,0,1,97,8,1,0,1,55,9,1,0,1,36,4,1,0,1,0,True,False,True
apache__dubbo-10638,apache/dubbo,medium,True,True,True,False,False,False,True,True,,387,184,1,0,386,343,3,0,184,1,0,571,1,0,True,False,,True,logs/fix.patch,2,6,43,1,44,42,False,True,True,False,Submitted,True,694,332,352,10,322,613,9049894,87774,9137668,3047.94087266922,1.17.2,64,10,1,0,1,65,9,1,0,1,87,9,1,0,1,79,8,1,0,1,236,9,2,0,1,80,8,1,1,1,53,9,1,0,1,30,4,1,0,1,0,True,False,True
google__gson-1787,google/gson,medium,False,True,True,False,False,False,True,False,"After applying the fix patch, no test results were captured when executing the test command. A brief summary is as follows: Test Result Summary:",0,0,0,0,0,8,0,0,0,0,0,0,0,0,True,False,,True,logs/fix.patch,0,0,0,0,0,0,True,True,False,True,ExcludedByStrictXcheck,False,0,0,0,0,0,0,0,0,0,0.0,,0,0,0,0,0,0,0,0,0,0,0,0,0,0,0,0,0,0,0,0,0,0,0,0,0,0,0,0,0,0,0,0,0,0,0,0,0,0,0,0,0,True,False,False
googlecontainertools__jib-2542,googlecontainertools/jib,medium,False,True,True,False,False,False,True,False,"After applying the fix patch, no test cases transitioned from failed to passed. A brief summary is as follows: Test Result Summary:",0,0,0,0,0,75,11,16,74,13,16,74,13,0,True,False,,True,logs/fix.patch,2,2,24,9,33,15,False,True,True,False,Submitted,True,532,254,270,8,246,468,5638476,77939,5716415,2568.0277552604675,1.17.2,78,10,1,0,1,69,9,1,0,1,81,9,1,0,1,59,8,1,0,1,109,9,1,0,1,51,8,1,0,1,55,9,1,0,1,30,4,1,0,1,0,True,False,True
fasterxml__jackson-databind-4365,fasterxml/jackson-databind,medium,False,True,True,False,False,False,True,False,"After applying the fix patch, no test results were captured when executing the test command. A brief summary is as follows: Test Result Summary:",0,0,0,0,0,645,0,1,0,0,0,0,0,0,True,False,,True,logs/fix.patch,1,3,36,0,36,36,False,True,True,False,Submitted,True,538,257,273,8,249,474,5943443,70827,6014270,2914.365968465805,1.17.2,92,10,1,0,1,87,9,1,0,1,53,9,1,0,1,71,8,1,0,1,75,9,1,0,1,45,8,1,0,1,83,9,1,0,1,32,4,1,0,1,0,True,False,True
fasterxml__jackson-core-1182,fasterxml/jackson-core,medium,False,True,True,False,False,False,True,False,"By comparing the test results before and after applying the fix patch, an anomalous pattern was detected. A brief summary is as follows: Test Result Summary:",180,0,0,0,0,183,0,0,0,0,0,180,3,0,True,False,,True,logs/fix.patch,5,6,65,0,65,65,False,True,True,False,Submitted,True,850,410,430,10,400,770,9649597,98872,9748469,4447.149930000305,1.17.2,92,10,1,0,1,83,9,1,0,1,91,9,1,0,1,79,8,1,0,1,240,9,2,0,1,100,8,1,1,1,131,9,1,0,1,34,4,1,0,1,0,True,False,True
elastic__logstash-16079,elastic/logstash,easy,False,True,True,False,False,False,True,False,"Before applying the fix patch, the test passed; however, after applying the fix patch, the test failed. A brief summary is as follows: Test Result Summary:",0,0,0,0,0,1088,2,30,1087,4,30,1088,3,30,True,False,,True,logs/fix.patch,1,2,6,1,7,5,False,True,True,False,Submitted,True,560,268,284,8,255,491,7312595,152526,7465121,3652.2717044353485,1.17.2,180,10,1,0,1,63,9,1,0,1,67,9,1,0,1,53,8,1,0,1,71,9,1,0,1,57,8,1,0,1,49,9,1,0,1,20,4,1,0,1,0,True,False,True
mockito__mockito-3133,mockito/mockito,hard,True,True,True,False,False,False,True,True,,3,95,1,0,2,98,0,62,95,1,61,98,2,61,True,False,,True,logs/fix.patch,9,14,283,13,296,270,False,True,True,False,Submitted,True,538,257,273,8,249,474,5169298,72341,5241639,2618.2300221920013,1.17.2,122,10,1,0,1,89,9,1,0,1,69,9,1,0,1,85,8,1,0,1,55,9,1,0,1,43,8,1,0,1,49,9,1,0,1,26,4,1,0,1,0,True,False,True
alibaba__fastjson2-82,alibaba/fastjson2,easy,True,True,True,False,False,False,True,True,,370,588,1,0,369,957,0,0,588,1,0,958,0,0,True,False,,True,logs/fix.patch,1,5,61,5,66,56,False,True,True,False,Submitted,True,1993,950,1012,31,919,1745,18025825,243950,18269775,10750.42861700058,1.17.2,96,10,1,0,1,63,9,1,0,1,89,9,1,0,1,73,8,1,0,1,841,9,11,0,1,748,8,4,10,1,51,9,1,0,1,32,4,1,0,1,0,True,False,True
elastic__logstash-15680,elastic/logstash,medium,False,True,True,False,False,False,True,False,"After applying the fix patch, no test cases transitioned from failed to passed. A brief summary is as follows: Test Result Summary:",0,0,0,0,0,1088,2,32,174,1,26,174,1,26,True,False,,True,logs/fix.patch,3,12,18,7,25,11,False,True,True,False,Submitted,True,1192,579,602,11,554,1089,24080370,389913,24470283,13832.107130765915,1.17.2,76,10,1,0,1,61,9,1,0,1,69,9,1,0,1,79,8,1,0,1,682,9,2,0,1,146,8,1,1,1,51,9,1,0,1,28,4,1,0,1,0,True,False,True
elastic__logstash-17020,elastic/logstash,hard,False,True,True,False,False,False,True,False,"After applying the fix patch, no test results were captured when executing the test command. A brief summary is as follows: Test Result Summary:",0,0,0,0,0,1186,2,30,1197,7,30,0,0,0,True,False,,True,logs/fix.patch,219,422,1594,8098,9692,-6504,False,True,True,False,Submitted,True,920,442,466,12,430,824,12921218,140216,13061434,4603.026650667191,1.17.2,114,10,1,0,1,93,9,1,0,1,69,9,1,0,1,71,8,1,0,1,327,9,3,0,1,157,8,1,2,1,57,9,1,0,1,32,4,1,0,1,0,True,False,True
elastic__logstash-14045,elastic/logstash,hard,False,True,True,False,False,False,True,False,"After applying the fix patch, no test cases transitioned from failed to passed. A brief summary is as follows: Test Result Summary:",0,0,0,0,0,156,1,23,154,2,23,154,2,23,True,False,,True,logs/fix.patch,2,2,42,1,43,41,False,True,True,False,Submitted,True,558,267,283,8,258,493,5501909,90323,5592232,2263.631139278412,1.17.2,98,10,1,0,1,101,9,1,0,1,65,9,1,0,1,81,8,1,0,1,95,9,1,0,1,47,8,1,0,1,45,9,1,0,1,26,4,1,0,1,0,True,False,True
fasterxml__jackson-databind-4186,fasterxml/jackson-databind,easy,False,True,True,False,False,False,True,False,"After applying the fix patch, no test cases transitioned from failed to passed. A brief summary is as follows: Test Result Summary:",0,0,0,0,0,630,0,1,630,1,1,630,1,1,True,False,,True,logs/fix.patch,3,12,12,0,12,12,False,True,True,False,Submitted,True,884,430,446,8,421,819,13461784,120164,13581948,4415.9044325351715,1.17.2,166,10,1,0,1,83,9,1,0,1,93,9,1,0,1,99,8,1,0,1,273,9,1,0,1,53,8,1,0,1,89,9,1,0,1,28,4,1,0,1,0,True,False,True
elastic__logstash-15925,elastic/logstash,medium,False,True,True,False,False,False,True,False,"Before applying the fix patch, the test passed; however, after applying the fix patch, the test failed. A brief summary is as follows: Test Result Summary:",0,0,0,0,0,1087,2,30,1087,4,30,1086,5,30,True,False,,True,logs/fix.patch,1,1,5,0,5,5,False,True,True,False,Submitted,True,522,249,265,8,241,458,5301722,67844,5369566,2040.2668957710266,1.17.2,130,10,1,0,1,75,9,1,0,1,65,9,1,0,1,79,8,1,0,1,61,9,1,0,1,43,7,1,0,1,41,9,1,0,1,28,4,1,0,1,0,True,False,True
elastic__logstash-13880,elastic/logstash,medium,False,True,True,False,False,False,True,False,"After applying the fix patch, no test cases transitioned from failed to passed. A brief summary is as follows: Test Result Summary:",0,0,0,0,0,156,1,23,4,1,4,4,1,4,True,False,,True,logs/fix.patch,487,337,50883,2,50885,50881,False,True,True,False,Submitted,True,659,316,334,9,306,586,6644932,102030,6746962,2790.385132074356,1.17.2,94,10,1,0,1,101,9,1,0,1,81,9,1,0,1,65,8,2,0,1,107,9,1,0,1,120,9,2,0,1,63,10,1,0,1,28,4,1,0,1,0,True,False,True
elastic__logstash-14970,elastic/logstash,medium,False,True,True,False,False,False,True,True,,3,981,3,0,0,1059,2,32,1058,4,32,984,0,23,True,False,,True,logs/fix.patch,1,1,6,1,7,5,False,True,True,False,Submitted,True,588,282,298,8,274,524,6250390,79881,6330271,6997.667092323303,1.17.2,118,10,1,0,1,69,9,1,0,1,85,9,1,0,1,91,8,1,0,1,87,9,1,0,1,55,8,1,0,1,49,9,1,0,1,34,4,1,0,1,0,True,False,True
fasterxml__jackson-core-980,fasterxml/jackson-core,medium,False,True,True,False,False,False,True,False,"After applying the fix patch, no test cases transitioned from failed to passed. A brief summary is as follows: Test Result Summary:",0,0,0,0,0,0,1,0,0,1,0,0,1,0,True,False,,True,logs/fix.patch,2,7,75,5,80,70,False,True,True,False,Submitted,True,638,307,323,8,299,573,8051611,79444,8131055,3159.464634180069,1.17.2,72,10,1,0,1,85,9,1,0,1,97,9,1,0,1,85,9,1,0,1,149,9,1,0,1,47,8,1,0,1,71,9,1,0,1,32,4,1,0,1,0,True,False,True
googlecontainertools__jib-4144,googlecontainertools/jib,medium,True,True,True,False,False,False,True,True,,16,63,3,0,13,58,2,15,63,10,15,79,0,0,True,False,,True,logs/fix.patch,2,5,23,2,25,21,False,True,True,False,Submitted,True,518,247,263,8,239,454,4832390,68813,4901203,2077.528396129608,1.17.2,68,10,1,0,1,91,9,1,0,1,79,9,1,0,1,67,8,1,0,1,87,9,1,0,1,47,8,1,0,1,49,9,1,0,1,30,4,1,0,1,0,True,False,True
fasterxml__jackson-databind-4050,fasterxml/jackson-databind,easy,True,True,True,False,False,False,True,True,,1,622,1,0,0,623,0,1,622,1,1,623,0,1,True,False,,True,logs/fix.patch,1,1,1,2,3,-1,False,True,True,False,Submitted,True,526,251,267,8,243,462,4371124,56983,4428107,3963.6449155807495,1.17.2,54,10,1,0,1,83,9,1,0,1,83,9,1,0,1,85,8,1,0,1,59,9,1,0,1,45,8,1,0,1,85,9,1,0,1,32,4,1,0,1,0,True,False,True
fasterxml__jackson-databind-3509,fasterxml/jackson-databind,hard,False,True,True,False,False,False,True,False,"After applying the fix patch, no test results were captured when executing the test command. A brief summary is as follows: Test Result Summary:",0,0,0,0,0,531,0,0,531,1,0,0,0,0,True,False,,True,logs/fix.patch,3,5,64,6,70,58,False,True,True,False,Submitted,True,698,337,353,8,329,634,9421527,80264,9501791,5237.04994225502,1.17.2,74,10,1,0,1,99,9,1,0,1,89,9,1,0,1,95,8,1,0,1,201,9,1,0,1,43,8,1,0,1,67,9,1,0,1,30,4,1,0,1,0,True,False,True
fasterxml__jackson-databind-4304,fasterxml/jackson-databind,easy,True,True,True,False,False,False,True,True,,1,621,1,0,0,622,0,1,621,1,1,622,0,1,True,False,,True,logs/fix.patch,2,2,4,2,6,2,False,True,True,False,Submitted,True,695,334,352,9,325,622,7204457,75636,7280093,4172.583475828171,1.17.2,84,10,1,0,1,93,9,1,0,1,117,9,1,0,1,83,8,1,0,1,79,9,1,0,1,122,8,2,0,1,89,9,1,0,1,28,4,1,0,1,0,True,False,True
google__gson-1703,google/gson,medium,False,True,True,False,False,False,True,True,,8,0,0,0,8,8,0,0,0,0,0,8,0,0,True,False,,True,logs/fix.patch,1,1,3,0,3,3,False,True,True,False,Submitted,True,480,228,244,8,220,416,3592276,54576,3646852,1884.4984056949615,1.17.2,74,10,1,0,1,67,9,1,0,1,53,9,1,0,1,101,8,1,0,1,55,9,1,0,1,49,8,1,0,1,53,9,1,0,1,28,4,1,0,1,0,True,False,True
fasterxml__jackson-databind-3626,fasterxml/jackson-databind,medium,False,True,True,False,False,False,True,False,"By comparing the test results before and after applying the fix patch, an anomalous pattern was detected. A brief summary is as follows: Test Result Summary:",597,0,0,0,0,598,0,0,0,0,0,597,1,0,True,False,,True,logs/fix.patch,1,2,86,0,86,86,False,True,True,False,Submitted,True,798,381,405,12,369,702,7221983,103470,7325453,5217.167234182358,1.17.2,70,10,1,0,1,67,9,1,0,1,77,9,1,0,1,53,8,1,0,1,303,9,3,0,1,145,8,1,2,1,55,9,1,0,1,28,4,1,0,1,0,True,False,True
fasterxml__jackson-core-1204,fasterxml/jackson-core,medium,False,True,True,False,False,False,True,False,"After applying the fix patch, no test results were captured when executing the test command. A brief summary is as follows: Test Result Summary:",0,0,0,0,0,185,0,0,0,0,0,0,0,0,True,False,,True,logs/fix.patch,1,4,27,0,27,27,False,True,True,False,Submitted,True,478,227,243,8,219,414,4056670,69021,4125691,2661.0178253650665,1.17.2,56,10,1,0,1,73,9,1,0,1,49,9,1,0,1,63,8,1,0,1,71,9,1,0,1,47,8,1,0,1,89,9,1,0,1,30,4,1,0,1,0,True,False,True
fasterxml__jackson-databind-3860,fasterxml/jackson-databind,medium,True,True,True,False,False,False,True,True,,611,0,0,0,611,611,1,0,0,0,0,611,1,0,True,False,,True,logs/fix.patch,1,2,25,0,25,25,False,True,True,False,Submitted,True,550,263,279,8,255,486,5783383,76467,5859850,4494.407988548279,1.17.2,70,10,1,0,1,111,9,1,0,1,81,9,1,0,1,73,8,1,0,1,65,9,1,0,1,45,7,1,0,1,71,9,1,0,1,34,4,1,0,1,0,True,False,True
fasterxml__jackson-databind-2036,fasterxml/jackson-databind,hard,False,True,True,False,False,False,True,False,"After applying the fix patch, no test results were captured when executing the test command. A brief summary is as follows: Test Result Summary:",0,0,0,0,0,427,0,0,0,0,0,0,0,0,True,False,,True,logs/fix.patch,2,2,53,27,80,26,False,True,True,False,Submitted,True,560,268,284,8,259,495,6313247,86380,6399627,2978.088701248169,1.17.2,76,10,1,0,1,91,9,1,0,1,81,9,2,0,1,67,8,1,0,1,101,9,1,0,1,61,8,1,0,1,53,9,1,0,1,30,4,1,0,1,0,True,False,True
fasterxml__jackson-databind-4486,fasterxml/jackson-databind,easy,True,True,True,False,False,False,True,True,,1,649,1,0,0,650,0,1,649,1,1,650,0,1,True,False,,True,logs/fix.patch,1,1,3,2,5,1,False,True,True,False,Submitted,True,536,256,272,8,248,472,4484482,68420,4552902,2372.6300251483917,1.17.2,66,10,1,0,1,67,9,1,0,1,87,9,1,0,1,81,8,1,0,1,69,9,1,0,1,51,8,1,0,1,87,8,1,0,1,28,4,1,0,1,0,True,False,True
fasterxml__jackson-databind-4048,fasterxml/jackson-databind,medium,True,True,True,False,False,False,True,True,,1,622,1,0,0,623,0,1,622,1,1,623,0,1,True,False,,True,logs/fix.patch,1,1,2,1,3,1,False,True,True,False,Submitted,True,648,312,328,8,304,584,6343239,78635,6421874,3923.232173204422,1.17.2,82,10,1,0,1,119,9,1,0,1,103,9,1,0,1,69,8,1,0,1,75,9,1,0,1,49,8,1,0,1,123,9,1,0,1,28,4,1,0,1,0,True,False,True
mockito__mockito-3129,mockito/mockito,easy,False,True,True,False,False,False,True,False,"After applying the fix patch, no test cases transitioned from failed to passed. A brief summary is as follows: Test Result Summary:",0,0,0,0,0,98,0,62,90,1,60,90,1,60,True,False,,True,logs/fix.patch,2,3,4,2,6,2,False,True,True,False,Submitted,True,1017,483,517,17,466,881,9215091,121867,9336958,5458.017961025238,1.17.2,86,10,1,0,1,133,9,1,0,1,71,9,1,0,1,63,9,1,0,1,305,9,5,0,1,284,8,2,5,1,47,9,1,0,1,28,4,1,0,1,0,True,False,True
fasterxml__jackson-databind-3851,fasterxml/jackson-databind,medium,True,True,True,False,False,False,True,True,,1,0,1,0,0,0,0,0,0,1,0,1,0,0,True,False,,True,logs/fix.patch,3,8,192,14,206,178,False,True,True,False,Submitted,True,638,307,323,8,298,573,7279856,104314,7384170,4369.325042486191,1.17.2,84,10,1,0,1,65,9,1,0,1,131,9,1,0,1,61,8,1,0,1,119,9,1,0,1,45,8,1,0,1,105,9,1,0,1,28,4,1,0,1,0,True,False,True
fasterxml__jackson-core-964,fasterxml/jackson-core,medium,True,True,True,False,False,False,True,True,,170,0,0,0,170,170,0,0,0,0,0,170,0,0,True,False,,True,logs/fix.patch,1,2,17,1,18,16,False,True,True,False,Submitted,True,556,266,282,8,258,492,4518983,59034,4578017,2066.689382314682,1.17.2,64,10,1,0,1,81,9,1,0,1,95,9,1,0,1,87,8,1,0,1,83,9,1,0,1,47,8,1,0,1,71,9,1,0,1,28,4,1,0,1,0,True,False,True
fasterxml__jackson-dataformat-xml-531,fasterxml/jackson-dataformat-xml,hard,False,True,True,False,False,False,True,False,"After applying the fix patch, no test results were captured when executing the test command. A brief summary is as follows: Test Result Summary:",0,0,0,0,0,109,0,0,0,0,0,0,0,0,True,False,,True,logs/fix.patch,5,8,91,24,115,67,False,True,True,False,Submitted,True,891,432,450,9,423,819,13199238,137369,13336607,4865.004741668701,1.17.2,80,10,1,0,1,87,9,1,0,1,127,9,1,0,1,85,8,1,0,1,255,9,1,0,1,176,8,2,0,1,51,9,1,0,1,30,4,1,0,1,0,True,False,True
fasterxml__jackson-databind-4311,fasterxml/jackson-databind,easy,True,True,True,False,False,False,True,True,,3,636,1,0,2,636,1,1,636,2,1,639,1,1,True,False,,True,logs/fix.patch,3,3,127,0,127,127,False,True,True,False,Submitted,True,638,307,323,8,299,574,6467864,69782,6537646,3200.6143341064453,1.17.2,88,10,1,0,1,87,9,1,0,1,91,9,1,0,1,75,8,1,0,1,93,9,1,0,1,65,8,1,0,1,105,9,1,0,1,34,4,1,0,1,0,True,False,True
fasterxml__jackson-databind-4360,fasterxml/jackson-databind,easy,False,True,True,False,False,False,True,False,"After applying the fix patch, no test results were captured when executing the test command. A brief summary is as follows: Test Result Summary:",0,0,0,0,0,639,1,1,639,2,1,0,0,0,True,False,,True,logs/fix.patch,3,4,12,5,17,7,False,True,True,False,Submitted,True,554,265,281,8,257,490,5227882,63613,5291495,2912.7460613250732,1.17.2,70,10,1,0,1,75,9,1,0,1,75,9,1,0,1,69,8,1,0,1,97,8,1,0,1,61,8,1,0,1,75,9,1,0,1,32,4,1,0,1,0,True,False,True
google__gson-1391,google/gson,medium,True,True,True,False,False,False,True,True,,1,95,1,0,0,95,1,0,95,2,0,96,1,0,True,False,,True,logs/fix.patch,1,1,14,8,22,6,False,True,True,False,Submitted,True,468,222,238,8,214,404,4097875,61698,4159573,2076.8925881385803,1.17.2,62,10,1,0,1,75,9,1,0,1,69,9,1,0,1,67,8,1,0,1,63,9,1,0,1,51,8,1,0,1,51,9,1,0,1,30,4,1,0,1,0,True,False,True
elastic__logstash-16579,elastic/logstash,hard,False,True,True,False,False,False,True,True,,1,1035,1,0,0,1108,2,30,1116,6,30,1036,4,21,True,False,,True,logs/fix.patch,1,1,3,0,3,3,False,True,True,False,Submitted,True,584,280,296,8,271,519,6369961,118261,6488222,8429.22152519226,1.17.2,124,10,1,0,1,111,9,1,0,1,69,9,1,0,1,75,8,1,0,1,59,9,1,0,1,59,8,1,0,1,59,9,1,0,1,28,4,1,0,1,0,True,False,True
fasterxml__jackson-core-1016,fasterxml/jackson-core,medium,False,True,True,False,False,False,True,False,"After applying the fix patch, no test cases transitioned from failed to passed. A brief summary is as follows: Test Result Summary:",0,0,0,0,0,173,0,0,172,1,0,172,1,0,True,False,,True,logs/fix.patch,1,3,3,3,6,0,False,True,True,False,Submitted,True,674,325,341,8,317,610,7079975,80634,7160609,2813.748458147049,1.17.2,114,10,1,0,1,83,9,1,0,1,81,9,1,0,1,77,8,1,0,1,143,9,1,0,1,55,8,1,0,1,91,9,1,0,1,30,4,1,0,1,0,True,False,True
fasterxml__jackson-databind-4230,fasterxml/jackson-databind,medium,True,True,True,False,False,False,True,True,,1,636,1,0,0,636,0,1,636,1,1,637,0,1,True,False,,True,logs/fix.patch,1,3,24,33,57,-9,False,True,True,False,Submitted,True,544,260,276,8,252,480,4525447,62317,4587764,2316.7229068279266,1.17.2,62,10,1,0,1,51,9,1,0,1,69,9,1,0,1,79,8,1,0,1,75,9,1,0,1,49,8,1,0,1,127,9,1,0,1,32,4,1,0,1,0,True,False,True
fasterxml__jackson-core-1208,fasterxml/jackson-core,medium,True,True,True,False,False,False,True,True,,1,184,1,0,0,185,0,0,184,1,0,185,0,0,True,False,,True,logs/fix.patch,1,2,2,1,3,1,False,True,True,False,Submitted,True,552,264,280,8,256,488,4480157,62907,4543064,2143.1711020469666,1.17.2,82,10,1,0,1,81,9,1,0,1,83,9,1,0,1,81,8,1,0,1,73,9,1,0,1,43,8,1,0,1,81,9,1,0,1,28,4,1,0,1,0,True,False,True
fasterxml__jackson-dataformat-xml-644,fasterxml/jackson-dataformat-xml,medium,False,True,True,False,False,False,True,False,"After applying the fix patch, no test results were captured when executing the test command. A brief summary is as follows: Test Result Summary:",0,0,0,0,0,127,0,0,0,0,0,0,0,0,True,False,,True,logs/fix.patch,1,3,69,22,91,47,False,True,True,False,Submitted,True,544,260,276,8,252,480,5895222,71928,5967150,2882.0356738567352,1.17.2,68,10,1,0,1,87,9,1,0,1,89,9,1,0,1,63,8,1,0,1,81,9,1,0,1,51,8,1,0,1,75,9,1,0,1,30,4,1,0,1,0,True,False,True
fasterxml__jackson-databind-3621,fasterxml/jackson-databind,medium,False,True,True,False,False,False,True,False,"After applying the fix patch, no test cases transitioned from failed to passed. A brief summary is as follows: Test Result Summary:",0,0,0,0,0,526,0,0,526,1,0,526,1,0,True,False,,True,logs/fix.patch,1,7,56,7,63,49,False,True,True,False,Submitted,True,570,273,289,8,265,506,5635415,78442,5713857,2695.701156616211,1.17.2,90,10,1,0,1,71,9,1,0,1,97,9,1,0,1,65,8,1,0,1,85,9,1,0,1,43,8,1,0,1,91,9,1,0,1,28,4,1,0,1,0,True,False,True
fasterxml__jackson-databind-4468,fasterxml/jackson-databind,easy,False,True,True,False,False,False,True,False,"After applying the fix patch, no test results were captured when executing the test command. A brief summary is as follows: Test Result Summary:",0,0,0,0,0,649,0,1,648,1,1,0,0,0,True,False,,True,logs/fix.patch,2,2,23,2,25,21,False,True,True,False,Submitted,True,516,246,262,8,238,452,4676876,58228,4735104,1923.2302544116974,1.17.2,56,10,1,0,1,57,9,1,0,1,63,9,1,0,1,65,8,1,0,1,127,9,1,0,1,51,8,1,0,1,63,9,1,0,1,34,4,1,0,1,0,True,False,True
mockito__mockito-3424,mockito/mockito,hard,False,True,True,False,False,False,True,False,"After applying the fix patch, no test cases transitioned from failed to passed. A brief summary is as follows: Test Result Summary:",0,0,0,0,0,104,0,65,96,1,63,96,1,63,True,False,,True,logs/fix.patch,8,17,192,2,194,190,False,True,True,False,Submitted,True,945,459,477,9,449,872,18751808,116064,18867872,3945.2527956962585,1.17.2,86,10,1,0,1,99,9,1,0,1,91,9,1,0,1,75,8,1,0,1,363,9,1,0,1,158,8,2,0,1,45,9,1,0,1,28,4,1,0,1,0,True,False,True
google__gson-1093,google/gson,medium,True,True,True,False,False,False,True,True,,2,87,1,0,1,88,3,0,87,4,0,89,3,0,True,False,,True,logs/fix.patch,1,1,2,2,4,0,False,True,True,False,Submitted,True,494,235,251,8,227,430,3508830,63119,3571949,1944.0972428321838,1.17.2,62,10,1,0,1,79,9,1,0,1,65,9,1,0,1,87,8,1,0,1,73,9,1,0,1,47,8,1,0,1,53,9,1,0,1,28,4,1,0,1,0,True,False,True
fasterxml__jackson-databind-3666,fasterxml/jackson-databind,medium,False,True,True,False,False,False,True,False,"Before applying the fix patch, the test passed; however, after applying the fix patch, the test failed. A brief summary is as follows: Test Result Summary:",0,0,0,0,0,598,0,0,596,2,0,596,2,0,True,False,,True,logs/fix.patch,1,1,4,0,4,4,False,True,True,False,Submitted,True,594,285,301,8,276,529,5973415,80748,6054163,3221.0280849933624,1.17.2,128,10,1,0,1,79,9,1,0,1,121,9,1,0,1,65,8,1,0,1,53,9,1,0,1,45,8,1,0,1,75,9,1,0,1,28,4,1,0,1,0,True,False,True
fasterxml__jackson-databind-4189,fasterxml/jackson-databind,easy,True,True,True,False,False,False,True,True,,1,620,1,0,0,620,0,1,620,1,1,621,0,1,True,False,,True,logs/fix.patch,1,5,5,0,5,5,False,True,True,False,Submitted,True,704,340,356,8,332,640,9456066,86322,9542388,3546.096329689026,1.17.2,76,10,1,0,1,91,9,1,0,1,133,9,1,0,1,81,8,1,0,1,169,9,1,0,1,47,8,1,0,1,79,9,1,0,1,28,4,1,0,1,0,True,False,True
fasterxml__jackson-databind-4325,fasterxml/jackson-databind,easy,False,True,True,False,False,False,True,False,"After applying the fix patch, no test results were captured when executing the test command. A brief summary is as follows: Test Result Summary:",0,0,0,0,0,638,1,1,638,2,1,0,0,0,True,False,,True,logs/fix.patch,2,7,68,5,73,63,False,True,True,False,Submitted,True,808,389,409,10,375,724,10742357,182654,10925011,4855.407288789749,1.17.2,84,10,1,0,1,69,9,1,0,1,75,9,1,0,1,59,8,1,0,1,324,9,2,0,1,90,8,1,1,1,77,9,2,0,1,30,4,1,0,1,0,True,False,True
fasterxml__jackson-databind-4469,fasterxml/jackson-databind,easy,True,True,True,False,False,False,True,True,,1,649,1,0,0,649,0,1,649,1,1,650,0,1,True,False,,True,logs/fix.patch,2,4,12,0,12,12,False,True,True,False,Submitted,True,544,260,276,8,251,479,5208173,65030,5273203,2448.57802939415,1.17.2,112,10,1,0,1,69,9,1,0,1,69,9,1,0,1,77,8,1,0,1,79,9,1,0,1,41,8,1,0,1,61,9,1,0,1,36,4,2,0,1,0,True,False,True
fasterxml__jackson-databind-4159,fasterxml/jackson-databind,medium,False,True,True,False,False,False,True,False,"After applying the fix patch, no test results were captured when executing the test command. A brief summary is as follows: Test Result Summary:",0,0,0,0,0,629,0,1,0,0,0,0,0,0,True,False,,True,logs/fix.patch,1,3,24,2,26,22,False,True,True,False,Submitted,True,652,314,330,8,306,588,8099336,99001,8198337,3678.592623949051,1.17.2,126,10,1,0,1,67,9,1,0,1,93,9,1,0,1,85,8,1,0,1,79,9,1,0,1,65,8,1,0,1,105,9,1,0,1,32,4,1,0,1,0,True,False,True
apache__dubbo-11781,apache/dubbo,medium,False,True,True,False,False,False,True,False,"After applying the fix patch, no test results were captured when executing the test command. A brief summary is as follows: Test Result Summary:",0,0,0,0,0,344,3,0,188,1,0,0,0,0,True,True,error: patch failed: dubbo-common/src/test/java/org/apache/dubbo/common/URLTest.java:308,True,logs/fix.patch,2,7,12,5,17,7,False,True,True,False,Submitted,True,572,274,290,8,266,508,6986477,71024,7057501,3484.5657920837402,1.17.2,56,10,1,0,1,85,9,1,0,1,69,9,1,0,1,73,8,1,0,1,167,9,1,0,1,41,8,1,0,1,53,9,1,0,1,28,4,1,0,1,0,False,False,True
fasterxml__jackson-databind-3716,fasterxml/jackson-databind,hard,False,True,True,False,False,False,True,False,"After applying the fix patch, no test cases transitioned from failed to passed. A brief summary is as follows: Test Result Summary:",0,0,0,0,0,598,0,0,597,1,0,597,1,0,True,False,,True,logs/fix.patch,5,7,166,14,180,152,False,True,True,False,Submitted,True,775,374,392,9,364,702,9931065,104251,10035316,3500.4049878120422,1.17.2,84,10,1,0,1,55,9,1,0,1,83,9,1,0,1,55,8,1,0,1,177,9,1,0,1,194,8,2,0,1,93,9,1,0,1,34,4,1,0,1,0,True,False,True
elastic__logstash-15008,elastic/logstash,hard,False,True,True,False,False,False,True,True,,1,174,1,0,0,1060,2,32,174,2,25,175,1,26,True,False,,True,logs/fix.patch,2,3,130,1,131,129,False,True,True,False,Submitted,True,620,298,314,8,285,551,9452476,162795,9615271,5524.529551267624,1.17.2,138,10,1,0,1,67,9,1,0,1,79,9,1,0,1,55,8,1,0,1,133,9,1,0,1,55,8,1,0,1,65,9,1,0,1,28,4,1,0,1,0,True,False,True
fasterxml__jackson-databind-4015,fasterxml/jackson-databind,medium,True,True,True,False,False,False,True,True,,1,620,1,0,0,621,1,1,620,2,1,621,1,1,True,False,,True,logs/fix.patch,1,2,6,5,11,1,False,True,True,False,Submitted,True,456,216,232,8,208,392,3494880,62908,3557788,2448.410421848297,1.17.2,78,10,1,0,1,63,9,1,0,1,57,9,1,0,1,65,8,1,0,1,63,9,1,0,1,39,8,1,0,1,63,9,1,0,1,28,4,1,0,1,0,True,False,True
elastic__logstash-15928,elastic/logstash,medium,False,True,True,False,False,False,True,True,,1,1015,1,0,0,1093,2,32,1093,4,32,1016,2,23,True,False,,True,logs/fix.patch,1,1,6,1,7,5,False,True,True,False,Submitted,True,500,238,254,8,230,436,3964803,65941,4030744,2408.9737005233765,1.17.2,100,10,1,0,1,69,9,1,0,1,63,9,1,0,1,71,8,1,0,1,61,9,1,0,1,53,9,1,0,1,53,9,1,0,1,30,4,1,0,1,0,True,False,True
elastic__logstash-14878,elastic/logstash,hard,False,True,True,False,False,False,True,False,"After applying the fix patch, no test cases transitioned from failed to passed. A brief summary is as follows: Test Result Summary:",0,0,0,0,0,1054,2,32,173,1,26,173,1,26,True,False,,True,logs/fix.patch,2,3,203,0,203,203,False,True,True,False,Submitted,True,696,336,352,8,323,627,9965542,194558,10160100,5754.60479927063,1.17.2,158,10,1,0,1,151,9,1,0,1,79,9,1,0,1,69,8,1,0,1,67,9,1,0,1,53,8,1,0,1,89,9,1,0,1,30,4,1,0,1,0,True,False,True
elastic__logstash-15964,elastic/logstash,easy,False,True,True,False,False,False,True,False,"By comparing the test results before and after applying the fix patch, an anomalous pattern was detected. A brief summary is as follows: Test Result Summary:",918,0,0,0,0,1087,2,30,168,1,24,1086,3,30,True,False,,True,logs/fix.patch,1,4,21,0,21,21,False,True,True,False,Submitted,True,620,298,314,8,290,556,5844806,66502,5911308,2698.3501346111298,1.17.2,124,10,1,0,1,83,9,1,0,1,71,9,1,0,1,69,8,1,0,1,91,9,1,0,1,49,8,1,0,1,101,9,1,0,1,32,4,1,0,1,0,True,False,True
elastic__logstash-14898,elastic/logstash,hard,False,True,True,False,False,False,True,False,"After applying the fix patch, no test cases transitioned from failed to passed. A brief summary is as follows: Test Result Summary:",0,0,0,0,0,1024,2,32,175,1,26,175,1,26,True,False,,True,logs/fix.patch,1,1,4,0,4,4,False,True,True,False,Submitted,True,1955,932,993,30,900,1711,23401135,275707,23676842,35915.250383615494,1.17.2,84,10,1,0,1,89,9,1,0,1,99,9,1,0,1,73,8,1,0,1,671,9,11,0,1,642,8,2,10,1,271,9,1,0,1,26,4,1,0,1,0,True,False,True
fasterxml__jackson-databind-4228,fasterxml/jackson-databind,hard,False,True,True,False,False,False,True,False,"After applying the fix patch, no test results were captured when executing the test command. A brief summary is as follows: Test Result Summary:",0,0,0,0,0,634,1,1,634,2,1,0,0,0,True,False,,True,logs/fix.patch,5,14,78,18,96,60,False,True,True,False,Submitted,True,1099,532,556,11,523,1011,21149323,105557,21254880,6098.289895534515,1.17.2,70,10,1,0,1,75,9,1,0,1,129,9,1,0,1,85,8,1,0,1,417,9,1,0,1,106,8,2,0,1,189,10,1,0,1,28,4,1,0,1,0,True,False,True
fasterxml__jackson-databind-4487,fasterxml/jackson-databind,easy,False,True,True,False,False,False,True,False,"After applying the fix patch, no test results were captured when executing the test command. A brief summary is as follows: Test Result Summary:",0,0,0,0,0,593,0,0,591,2,0,0,0,0,True,False,,True,logs/fix.patch,2,2,3,3,6,0,False,True,True,False,Submitted,True,498,237,253,8,229,434,3907274,60796,3968070,2606.795501470566,1.17.2,60,10,1,0,1,59,9,1,0,1,69,9,1,0,1,73,8,1,0,1,75,9,1,0,1,43,8,1,0,1,91,9,1,0,1,28,4,1,0,1,0,True,False,True
elastic__logstash-14897,elastic/logstash,hard,False,True,True,False,False,False,True,False,"After applying the fix patch, no test cases transitioned from failed to passed. A brief summary is as follows: Test Result Summary:",0,0,0,0,0,1056,2,32,175,1,26,175,1,26,True,False,,True,logs/fix.patch,1,1,4,0,4,4,False,True,True,False,Submitted,True,622,299,315,8,289,556,9068641,148181,9216822,6551.890027046204,1.17.2,100,10,1,0,1,73,9,1,0,1,69,9,1,0,1,65,9,1,0,1,127,9,1,0,1,109,8,1,0,1,47,9,1,0,1,32,4,1,0,1,0,True,False,True
fasterxml__jackson-core-1142,fasterxml/jackson-core,easy,True,True,True,False,False,False,True,True,,1,179,1,0,0,180,0,0,179,1,0,180,0,0,True,False,,True,logs/fix.patch,1,1,1,1,2,0,False,True,True,False,Submitted,True,394,185,201,8,177,330,2441958,48358,2490316,1464.49427485466,1.17.2,48,10,1,0,1,67,9,1,0,1,43,9,1,0,1,59,8,1,0,1,69,9,1,0,1,43,8,1,0,1,39,9,1,0,1,26,4,1,0,1,0,True,False,True
elastic__logstash-16094,elastic/logstash,hard,False,True,True,False,False,False,True,True,,4,1010,1,0,3,1089,2,30,1088,4,30,1014,2,21,True,False,,True,logs/fix.patch,4,4,323,0,323,323,False,True,True,False,Submitted,True,548,262,278,8,254,484,5677854,74130,5751984,3125.4593567848206,1.17.2,154,10,1,0,1,69,9,1,0,1,67,9,1,0,1,69,8,1,0,1,55,9,1,0,1,55,9,1,0,1,47,9,1,0,1,32,4,1,0,1,0,True,False,True
fasterxml__jackson-core-174,fasterxml/jackson-core,medium,False,True,True,False,False,False,True,False,"After applying the fix patch, no test results were captured when executing the test command. A brief summary is as follows: Test Result Summary:",0,0,0,0,0,65,0,0,0,0,0,0,0,0,True,False,,True,logs/fix.patch,1,1,21,0,21,21,False,True,True,False,Submitted,True,444,210,226,8,202,380,3406754,52585,3459339,1735.700180530548,1.17.2,50,10,1,0,1,63,9,1,0,1,57,9,1,0,1,59,8,1,0,1,103,9,1,0,1,43,8,1,0,1,43,9,1,0,1,26,4,1,0,1,0,True,False,True
mockito__mockito-3220,mockito/mockito,hard,False,True,True,False,False,False,True,False,"After applying the fix patch, no test cases transitioned from failed to passed. A brief summary is as follows: Test Result Summary:",0,0,0,0,0,104,0,65,96,1,63,96,1,63,True,False,,True,logs/fix.patch,4,5,106,0,106,106,False,True,True,False,Submitted,True,899,434,455,10,424,818,10193554,97411,10290965,4045.648357629776,1.17.2,96,10,1,0,1,89,9,1,0,1,67,9,1,0,1,83,8,1,0,1,147,9,1,0,1,276,8,2,0,1,113,9,1,0,1,28,4,1,0,1,0,True,False,True
elastic__logstash-17019,elastic/logstash,hard,False,True,True,False,False,False,True,False,"Before applying the fix patch, the test passed; however, after applying the fix patch, the test failed. A brief summary is as follows: Test Result Summary:",0,0,0,0,0,1186,2,30,1197,7,30,1197,7,30,True,False,,True,logs/fix.patch,3,8,65,28,93,37,False,True,True,False,Submitted,True,849,411,429,9,400,775,12289551,133061,12422612,6842.481286764145,1.17.2,188,10,1,0,1,87,9,1,0,1,75,9,1,0,1,151,8,1,0,1,135,9,1,0,1,118,8,2,0,1,59,9,1,0,1,36,4,1,0,1,0,True,False,True
alibaba__fastjson2-2775,alibaba/fastjson2,medium,True,True,True,False,False,False,True,True,,2724,0,0,0,2724,2724,0,1,0,0,0,2724,0,1,True,False,,True,logs/fix.patch,1,1,32,0,32,32,False,True,True,False,Submitted,True,666,318,338,10,307,585,6141934,85723,6227657,5454.467903852463,1.17.2,82,10,1,0,1,65,9,1,0,1,73,9,1,0,1,81,8,2,0,1,174,9,2,0,1,106,8,1,1,1,57,9,1,0,1,28,4,1,0,1,0,True,False,True
elastic__logstash-16569,elastic/logstash,hard,False,True,True,False,False,False,True,False,"Before applying the fix patch, the test passed; however, after applying the fix patch, the test failed. A brief summary is as follows: Test Result Summary:",0,0,0,0,0,1151,2,30,1159,6,30,1162,7,30,True,False,,True,logs/fix.patch,6,6,327,10,337,317,False,True,True,False,Submitted,True,556,266,282,8,258,492,6156967,85892,6242859,3908.819092273712,1.17.2,130,10,1,0,1,89,9,1,0,1,57,9,1,0,1,89,8,1,0,1,53,9,1,0,1,47,8,1,0,1,55,9,1,0,1,36,4,1,0,1,0,True,False,True
alibaba__fastjson2-2285,alibaba/fastjson2,medium,True,True,True,False,False,False,True,True,,748,1813,1,0,747,2558,0,1,1813,1,1,2561,0,1,True,False,,True,logs/fix.patch,5,8,346,1,347,345,False,True,True,False,Submitted,True,1074,523,542,9,512,999,21346290,150527,21496817,11259.254596471786,1.17.2,90,10,1,0,1,117,9,1,0,1,97,9,1,0,1,111,8,1,0,1,521,9,1,0,1,51,8,1,0,1,55,9,1,0,1,32,4,1,0,1,0,True,False,True
googlecontainertools__jib-2536,googlecontainertools/jib,medium,True,True,True,False,False,False,True,True,,2,73,2,0,0,74,13,16,73,15,16,75,11,0,True,False,,True,logs/fix.patch,1,1,23,17,40,6,False,True,True,False,Submitted,True,504,240,256,8,232,440,4756673,68015,4824688,2561.505609512329,1.17.2,84,10,1,0,1,65,9,1,0,1,53,9,1,0,1,69,8,1,0,1,75,9,1,0,1,53,8,1,0,1,73,9,1,0,1,32,4,1,0,1,0,True,False,True
mockito__mockito-3173,mockito/mockito,medium,False,True,True,False,False,False,True,False,"Before applying the fix patch, the test passed; however, after applying the fix patch, the test failed. A brief summary is as follows: Test Result Summary:",0,0,0,0,0,102,0,67,103,2,65,72,1,55,True,False,,True,logs/fix.patch,9,13,204,6,210,198,False,True,True,False,Submitted,True,1012,492,511,9,476,932,16999548,221850,17221398,6038.4745082855225,1.17.2,312,10,1,0,1,77,9,1,0,1,153,9,1,0,1,75,8,1,0,1,275,9,1,0,1,43,8,1,0,1,47,9,1,0,1,30,4,1,0,1,0,True,False,True
fasterxml__jackson-databind-4013,fasterxml/jackson-databind,hard,False,True,True,False,False,False,True,False,"After applying the fix patch, no test results were captured when executing the test command. A brief summary is as follows: Test Result Summary:",0,0,0,0,0,621,1,1,0,0,0,0,0,0,True,False,,True,logs/fix.patch,1,3,15,0,15,15,False,True,True,False,Submitted,True,534,255,271,8,247,470,5148903,90181,5239084,2660.6420917510986,1.17.2,82,10,1,0,1,69,9,1,0,1,67,9,1,0,1,63,8,1,0,1,109,9,1,0,1,47,8,1,0,1,67,9,1,0,1,30,4,1,0,1,0,True,False,True
fasterxml__jackson-databind-4131,fasterxml/jackson-databind,medium,False,True,True,False,False,False,True,False,"By comparing the test results before and after applying the fix patch, an anomalous pattern was detected. A brief summary is as follows: Test Result Summary:",627,0,0,0,0,628,0,1,0,0,0,627,1,1,True,False,,True,logs/fix.patch,2,2,62,0,62,62,False,True,True,False,Submitted,True,570,273,289,8,265,505,5607771,86332,5694103,3733.274253129959,1.17.2,74,10,1,0,1,63,9,1,0,1,107,9,1,0,1,83,8,1,0,1,99,9,1,0,1,41,8,1,0,1,79,9,1,0,1,24,4,1,0,1,0,True,False,True
elastic__logstash-15241,elastic/logstash,medium,False,True,True,False,False,False,True,False,"After applying the fix patch, no test cases transitioned from failed to passed. A brief summary is as follows: Test Result Summary:",0,0,0,0,0,1061,2,32,175,1,26,175,1,26,True,False,,True,logs/fix.patch,1,3,19,5,24,14,False,True,True,False,Submitted,True,695,332,353,10,323,615,8389012,101909,8490921,8685.946211338043,1.17.2,64,10,1,0,1,77,9,1,0,1,87,9,1,0,1,69,8,1,0,1,81,9,1,0,1,230,8,2,0,1,51,9,1,0,1,36,4,1,0,1,0,True,False,True
alibaba__fastjson2-2559,alibaba/fastjson2,medium,True,True,True,False,False,False,True,True,,781,1872,1,0,780,2652,0,1,1872,1,1,2653,0,1,True,False,,True,logs/fix.patch,3,3,44,0,44,44,False,True,True,False,Submitted,True,606,291,307,8,283,542,6707724,81010,6788734,6234.81693482399,1.17.2,92,10,1,0,1,69,9,1,0,1,101,9,1,0,1,69,8,1,0,1,131,9,1,0,1,63,8,1,0,1,51,9,1,0,1,30,4,1,0,1,0,True,False,True
fasterxml__jackson-databind-4087,fasterxml/jackson-databind,medium,False,True,True,False,False,False,True,False,"Before applying the fix patch, the test passed; however, after applying the fix patch, the test failed. A brief summary is as follows: Test Result Summary:",0,0,0,0,0,624,0,1,624,1,1,622,3,1,True,False,,True,logs/fix.patch,10,13,364,1,365,363,False,True,True,False,Submitted,True,703,338,356,9,327,629,7769399,117169,7886568,4317.617102861404,1.17.2,86,10,1,0,1,69,9,1,0,1,69,9,1,0,1,87,8,1,0,1,71,9,1,0,1,176,8,2,0,1,111,8,1,0,1,34,4,1,0,1,0,True,False,True
fasterxml__jackson-databind-4132,fasterxml/jackson-databind,medium,False,True,True,False,False,False,True,False,"After applying the fix patch, no test cases transitioned from failed to passed. A brief summary is as follows: Test Result Summary:",0,0,0,0,0,628,0,1,626,2,1,626,2,1,True,False,,True,logs/fix.patch,2,3,52,2,54,50,False,True,True,False,Submitted,True,574,275,291,8,267,510,5692679,78054,5770733,2903.254961490631,1.17.2,72,10,1,0,1,85,9,1,0,1,113,9,1,0,1,69,8,1,0,1,99,9,1,0,1,49,8,1,0,1,55,9,1,0,1,32,4,1,0,1,0,True,False,True
elastic__logstash-15969,elastic/logstash,hard,False,True,True,False,False,False,True,False,"Before applying the fix patch, the test passed; however, after applying the fix patch, the test failed. A brief summary is as follows: Test Result Summary:",0,0,0,0,0,1089,2,30,1088,4,30,1087,5,30,True,False,,True,logs/fix.patch,1,1,5,0,5,5,False,True,True,False,Submitted,True,484,230,246,8,222,420,4499284,74081,4573365,3681.7154335975647,1.17.2,90,10,1,0,1,89,9,1,0,1,59,9,1,0,1,57,8,1,0,1,51,9,1,0,1,51,8,1,0,1,53,9,1,0,1,34,4,1,0,1,0,True,False,True
fasterxml__jackson-databind-3701,fasterxml/jackson-databind,easy,True,True,True,False,False,False,True,True,,1,597,1,0,0,598,0,0,597,1,0,598,0,0,True,False,,True,logs/fix.patch,1,1,1,1,2,0,False,True,True,False,Submitted,True,600,288,304,8,280,536,5482542,80370,5562912,2687.365032196045,1.17.2,118,10,1,0,1,77,9,1,0,1,75,9,1,0,1,67,8,1,0,1,79,9,1,0,1,47,8,1,0,1,109,9,1,0,1,28,4,1,0,1,0,True,False,True
fasterxml__jackson-core-891,fasterxml/jackson-core,medium,True,True,True,False,False,False,True,True,,2,162,2,0,0,163,0,0,162,2,0,164,0,0,True,False,,True,logs/fix.patch,1,3,6,0,6,6,False,True,True,False,Submitted,True,814,392,412,10,377,729,10361738,185482,10547220,4957.8086750507355,1.17.2,80,10,1,0,1,85,9,1,0,1,65,9,1,0,1,83,8,1,0,1,276,9,2,0,1,118,8,1,1,1,77,9,1,0,1,30,4,1,0,1,0,True,False,True
alibaba__fastjson2-1245,alibaba/fastjson2,easy,False,True,True,False,False,False,True,False,"After applying the fix patch, no test cases transitioned from failed to passed. A brief summary is as follows: Test Result Summary:",0,0,0,0,0,2209,0,1,1446,1,1,1446,1,1,True,False,,True,logs/fix.patch,1,1,9,4,13,5,False,True,True,False,Submitted,True,546,261,277,8,251,480,6139866,121389,6261255,4834.253536462784,1.17.2,104,10,1,0,1,67,9,1,0,1,77,9,1,0,1,97,8,1,0,1,75,9,1,0,1,51,8,1,0,1,45,9,1,0,1,30,4,1,0,1,0,True,False,True
google__gson-1555,google/gson,medium,True,True,True,False,False,False,True,True,,1,94,1,0,0,95,1,0,94,2,0,95,1,0,True,False,,True,logs/fix.patch,2,9,23,6,29,17,False,True,True,False,Submitted,True,686,328,348,10,317,605,7280258,117634,7397892,3847.5259363651276,1.17.2,80,10,1,0,1,85,9,1,0,1,65,9,1,0,1,71,8,1,0,1,194,9,2,0,1,106,8,1,1,1,55,9,1,0,1,30,4,1,0,1,0,True,False,True
elastic__logstash-16968,elastic/logstash,hard,False,True,True,False,False,False,True,False,"Before applying the fix patch, the test passed; however, after applying the fix patch, the test failed. A brief summary is as follows: Test Result Summary:",0,0,0,0,0,1101,2,29,1112,7,29,1121,3,29,True,False,,True,logs/fix.patch,4,7,198,23,221,175,False,True,True,False,Submitted,True,776,373,393,10,362,693,9204302,132798,9337100,5264.969524145126,1.17.2,74,10,1,0,1,81,9,1,0,1,97,9,1,0,1,83,8,1,0,1,204,9,2,0,1,142,8,1,1,1,71,9,1,0,1,24,4,1,0,1,0,True,False,True
fasterxml__jackson-databind-3371,fasterxml/jackson-databind,hard,False,True,True,False,False,False,True,False,"Before applying the fix patch, the test passed; however, after applying the fix patch, the test failed. A brief summary is as follows: Test Result Summary:",0,0,0,0,0,522,0,0,522,1,0,514,9,0,True,False,,True,logs/fix.patch,8,10,249,6,255,243,False,True,True,False,Submitted,True,1722,843,868,11,817,1615,40265806,561244,40827050,14673.315008878708,1.17.2,76,10,1,0,1,73,9,1,0,1,293,9,1,0,1,75,8,1,0,1,1037,9,1,0,1,63,8,1,0,1,71,9,1,0,1,34,4,1,0,1,0,True,False,True
googlecontainertools__jib-2688,googlecontainertools/jib,medium,True,True,True,False,False,False,True,True,,1,28,1,0,0,29,0,0,28,2,0,29,0,0,True,False,,True,logs/fix.patch,1,1,1,1,2,0,False,True,True,False,Submitted,True,466,221,237,8,213,402,4072818,63534,4136352,1887.1600997447968,1.17.2,76,10,1,0,1,65,9,1,0,1,65,9,1,0,1,65,8,1,0,1,61,9,1,0,1,55,8,1,0,1,49,9,1,0,1,30,4,1,0,1,0,True,False,True
fasterxml__jackson-databind-1923,fasterxml/jackson-databind,easy,True,True,True,False,False,False,True,True,,1,311,1,0,0,312,0,0,311,1,0,312,0,0,True,False,,True,logs/fix.patch,1,2,6,1,7,5,False,True,True,False,Submitted,True,490,233,249,8,225,426,3951372,59596,4010968,2525.1132776737213,1.17.2,74,10,1,0,1,71,9,1,0,1,77,9,1,0,1,55,8,1,0,1,81,9,1,0,1,53,8,1,0,1,51,9,1,0,1,28,4,1,0,1,0,True,False,True
fasterxml__jackson-dataformat-xml-544,fasterxml/jackson-dataformat-xml,medium,False,True,True,False,False,False,True,False,"After applying the fix patch, no test results were captured when executing the test command. A brief summary is as follows: Test Result Summary:",0,0,0,0,0,109,0,0,107,2,0,0,0,0,True,False,,True,logs/fix.patch,2,4,20,2,22,18,False,True,True,False,Submitted,True,524,250,266,8,242,460,4912509,59475,4971984,2226.877927303314,1.17.2,74,10,1,0,1,69,9,1,0,1,81,9,1,0,1,81,8,1,0,1,91,9,1,0,1,43,8,1,0,1,55,9,1,0,1,30,4,1,0,1,0,True,False,True
mockito__mockito-3167,mockito/mockito,medium,False,True,True,False,False,False,True,False,"Before applying the fix patch, the test passed; however, after applying the fix patch, the test failed. A brief summary is as follows: Test Result Summary:",0,0,0,0,0,104,0,65,103,4,65,99,26,64,True,False,,True,logs/fix.patch,1,2,7,1,8,6,False,True,True,False,Submitted,True,702,339,355,8,330,637,8717936,77702,8795638,3330.363523244858,1.17.2,156,10,1,0,1,115,9,1,0,1,89,9,1,0,1,107,8,1,0,1,103,9,1,0,1,45,8,1,0,1,57,9,1,0,1,30,4,1,0,1,0,True,False,True
elastic__logstash-13902,elastic/logstash,hard,False,True,True,False,False,False,True,False,"After applying the fix patch, no test cases transitioned from failed to passed. A brief summary is as follows: Test Result Summary:",0,0,0,0,0,156,1,23,154,2,23,154,2,23,True,False,,True,logs/fix.patch,9,24,167,29,196,138,False,True,True,False,Submitted,True,664,320,336,8,312,600,8485363,89355,8574718,2840.0806567668915,1.17.2,76,10,1,0,1,85,9,1,0,1,87,9,1,0,1,111,8,1,0,1,155,9,1,0,1,61,8,1,0,1,55,9,1,0,1,34,4,1,0,1,0,True,False,True
elastic__logstash-15233,elastic/logstash,medium,False,True,True,False,False,False,True,False,"After applying the fix patch, no test cases transitioned from failed to passed. A brief summary is as follows: Test Result Summary:",0,0,0,0,0,151,1,22,174,1,26,174,1,26,True,False,,True,logs/fix.patch,1,1,13,4,17,9,False,True,True,False,Submitted,True,510,243,259,8,235,446,5525277,68853,5594130,2842.7866826057434,1.17.2,96,10,1,0,1,77,9,1,0,1,49,9,1,0,1,79,8,1,0,1,83,9,1,0,1,43,8,1,0,1,49,9,1,0,1,34,4,1,0,1,0,True,False,True
fasterxml__jackson-core-1172,fasterxml/jackson-core,medium,False,True,True,False,False,False,True,False,"After applying the fix patch, no test cases transitioned from failed to passed. A brief summary is as follows: Test Result Summary:",0,0,0,0,0,181,0,0,180,2,0,180,2,0,True,False,,True,logs/fix.patch,1,1,2,2,4,0,False,True,True,False,Submitted,True,532,254,270,8,245,467,4151638,54434,4206072,1903.8714456558228,1.17.2,64,10,1,0,1,77,9,1,0,1,67,9,1,0,1,85,8,2,0,1,63,9,1,0,1,45,8,1,0,1,97,9,1,0,1,34,4,1,0,1,0,True,False,True
elastic__logstash-14981,elastic/logstash,medium,False,True,True,False,False,False,True,True,,3,980,3,0,0,1058,2,32,1057,4,32,983,0,23,True,False,,True,logs/fix.patch,1,1,6,1,7,5,False,True,True,False,Submitted,True,508,242,258,8,234,443,4987957,62329,5050286,2411.692053079605,1.17.2,98,10,1,0,1,81,9,1,0,1,91,9,1,0,1,65,8,1,0,1,53,9,1,0,1,45,8,1,0,1,47,9,1,0,1,28,4,1,0,1,0,True,False,True
fasterxml__jackson-databind-3625,fasterxml/jackson-databind,easy,True,True,True,False,False,False,True,True,,1,597,1,0,0,598,0,0,597,1,0,598,0,0,True,False,,True,logs/fix.patch,1,1,6,0,6,6,False,True,True,False,Submitted,True,584,280,296,8,272,520,6543439,68965,6612404,2863.879566192627,1.17.2,100,10,1,0,1,71,9,1,0,1,89,9,1,0,1,73,8,1,0,1,83,9,1,0,1,55,8,1,0,1,81,9,1,0,1,32,4,1,0,1,0,True,False,True
fasterxml__jackson-databind-4072,fasterxml/jackson-databind,easy,True,True,True,False,False,False,True,True,,1,623,1,0,0,623,0,1,623,1,1,624,0,1,True,False,,True,logs/fix.patch,1,1,3,2,5,1,False,True,True,False,Submitted,True,532,254,270,8,246,468,4608773,72342,4681115,3302.792900323868,1.17.2,82,10,1,0,1,75,9,1,0,1,61,9,1,0,1,77,8,1,0,1,73,9,1,0,1,47,7,1,0,1,89,9,1,0,1,28,4,1,0,1,0,True,False,True
fasterxml__jackson-databind-4257,fasterxml/jackson-databind,easy,False,True,True,False,False,False,True,False,"After applying the fix patch, no test results were captured when executing the test command. A brief summary is as follows: Test Result Summary:",0,0,0,0,0,635,1,1,635,2,1,0,0,0,True,False,,True,logs/fix.patch,3,14,87,21,108,66,False,True,True,False,Submitted,True,942,459,475,8,448,874,14525342,146254,14671596,4980.641712665558,1.17.2,80,10,1,0,1,85,9,1,0,1,143,9,1,0,1,95,8,1,0,1,321,9,1,0,1,61,8,1,0,1,123,9,1,0,1,34,4,1,0,1,0,True,False,True
elastic__logstash-14000,elastic/logstash,hard,False,True,True,False,False,False,True,False,"After applying the fix patch, no test cases transitioned from failed to passed. A brief summary is as follows: Test Result Summary:",0,0,0,0,0,156,1,23,154,2,23,154,2,23,True,False,,True,logs/fix.patch,2,2,49,1,50,48,False,True,True,False,Submitted,True,580,278,294,8,270,516,5807730,73439,5881169,2147.026777267456,1.17.2,112,10,1,0,1,87,9,1,0,1,73,9,1,0,1,105,8,1,0,1,69,9,1,0,1,53,9,1,0,1,55,9,1,0,1,26,4,1,0,1,0,True,False,True
fasterxml__jackson-dataformat-xml-638,fasterxml/jackson-dataformat-xml,medium,True,True,True,False,False,False,True,True,,1,125,1,0,0,125,0,0,125,1,0,126,0,0,True,False,,True,logs/fix.patch,1,1,5,1,6,4,False,True,True,False,Submitted,True,492,234,250,8,226,428,4477579,71408,4548987,2399.9303665161133,1.17.2,54,10,1,0,1,75,9,1,0,1,95,9,1,0,1,59,8,1,0,1,67,9,1,0,1,51,8,1,0,1,59,9,1,0,1,32,4,1,0,1,0,True,False,True
fasterxml__jackson-databind-4320,fasterxml/jackson-databind,easy,True,True,True,False,False,False,True,True,,1,640,1,0,0,640,0,1,640,1,1,641,0,1,True,False,,True,logs/fix.patch,5,12,38,0,38,38,False,True,True,False,Submitted,True,566,271,287,8,263,502,6493826,75215,6569041,3031.3880302906036,1.17.2,72,10,1,0,1,61,9,1,0,1,115,9,1,0,1,75,8,1,0,1,111,9,1,0,1,47,8,1,0,1,49,9,1,0,1,36,4,1,0,1,0,True,False,True
fasterxml__jackson-databind-4338,fasterxml/jackson-databind,easy,True,True,True,False,False,False,True,True,,1,642,1,0,0,643,0,1,642,1,1,643,0,1,True,False,,True,logs/fix.patch,1,1,2,0,2,2,False,True,True,False,Submitted,True,578,277,293,8,269,514,5946570,69509,6016079,2401.182875394821,1.17.2,108,10,1,0,1,77,9,1,0,1,85,9,1,0,1,63,8,1,0,1,59,9,1,0,1,51,8,1,0,1,103,9,1,0,1,32,4,1,0,1,0,True,False,True
fasterxml__jackson-core-1263,fasterxml/jackson-core,medium,True,True,True,False,False,False,True,True,,188,0,0,0,188,188,0,0,0,0,0,188,0,0,True,False,,True,logs/fix.patch,1,6,44,0,44,44,False,True,True,False,Submitted,True,898,428,456,14,414,786,7957200,129184,8086384,4059.1544280052185,1.17.2,48,10,1,0,1,73,9,1,0,1,57,9,1,0,1,73,8,1,0,1,294,9,4,0,1,206,8,1,3,1,121,9,1,0,1,26,4,1,0,1,0,True,False,True
elastic__logstash-13931,elastic/logstash,hard,False,True,True,False,False,False,True,False,"After applying the fix patch, no test cases transitioned from failed to passed. A brief summary is as follows: Test Result Summary:",0,0,0,0,0,711,1,27,154,2,23,154,2,23,True,False,,True,logs/fix.patch,8,26,250,32,282,218,False,True,True,False,Submitted,True,576,276,292,8,268,512,7354952,87756,7442708,2782.821455717087,1.17.2,82,10,1,0,1,79,9,1,0,1,75,9,1,0,1,71,8,1,0,1,137,9,1,0,1,59,8,1,0,1,47,9,1,0,1,26,4,1,0,1,0,True,False,True
elastic__logstash-13914,elastic/logstash,medium,False,True,True,False,False,False,True,False,"After applying the fix patch, no test cases transitioned from failed to passed. A brief summary is as follows: Test Result Summary:",0,0,0,0,0,156,1,23,4,1,4,4,1,4,True,False,,True,logs/fix.patch,3,3,45,4,49,41,False,True,True,False,Submitted,True,655,314,332,9,304,582,6798676,97586,6896262,2613.6294524669647,1.17.2,74,10,1,0,1,79,9,1,0,1,83,9,1,0,1,83,8,1,0,1,113,9,1,0,1,128,8,2,0,1,65,9,1,0,1,30,4,1,0,1,0,True,False,True
fasterxml__jackson-core-370,fasterxml/jackson-core,medium,True,True,True,False,False,False,True,True,,1,86,1,0,0,87,0,0,86,1,0,87,0,0,True,False,,True,logs/fix.patch,2,2,16,0,16,16,False,True,True,False,Submitted,True,480,228,244,8,220,416,4811317,78252,4889569,2326.0789284706116,1.17.2,74,10,1,0,1,63,9,1,0,1,81,9,1,0,1,63,8,1,0,1,63,9,1,0,1,51,8,1,0,1,53,9,1,0,1,32,4,1,0,1,0,True,False,True
fasterxml__jackson-databind-4219,fasterxml/jackson-databind,easy,True,True,True,False,False,False,True,True,,1,633,1,0,0,633,0,1,633,1,1,634,0,1,True,False,,True,logs/fix.patch,1,1,7,5,12,2,False,True,True,False,Submitted,True,554,265,281,8,257,490,4936732,67852,5004584,2291.2457237243652,1.17.2,90,10,1,0,1,61,9,1,0,1,67,9,1,0,1,77,8,1,0,1,73,9,1,0,1,53,8,1,0,1,103,9,1,0,1,30,4,1,0,1,0,True,False,True
fasterxml__jackson-dataformat-xml-590,fasterxml/jackson-dataformat-xml,medium,False,True,True,False,False,False,True,False,"After applying the fix patch, no test results were captured when executing the test command. A brief summary is as follows: Test Result Summary:",0,0,0,0,0,117,0,0,117,1,0,0,0,0,True,False,,True,logs/fix.patch,2,3,24,1,25,23,False,True,True,False,Submitted,True,956,464,483,9,447,874,14143288,233142,14376430,6387.673243045807,1.17.2,88,10,1,0,1,61,9,1,0,1,313,9,1,0,1,85,8,1,0,1,203,9,1,0,1,79,8,1,0,1,103,9,1,0,1,24,4,1,0,1,0,True,False,True
fasterxml__jackson-core-1053,fasterxml/jackson-core,medium,True,True,True,False,False,False,True,True,,1,173,1,0,0,174,0,0,173,1,0,174,0,0,True,False,,True,logs/fix.patch,1,3,22,1,23,21,False,True,True,False,Submitted,True,526,251,267,8,243,462,4408976,69339,4478315,4444.525037050247,1.17.2,76,10,1,0,1,93,9,1,0,1,55,9,1,0,1,67,8,1,0,1,83,9,1,0,1,47,8,1,0,1,71,9,1,0,1,34,4,1,0,1,0,True,False,True
elastic__logstash-16195,elastic/logstash,hard,False,True,True,False,False,False,True,False,"Before applying the fix patch, the test passed; however, after applying the fix patch, the test failed. A brief summary is as follows: Test Result Summary:",0,0,0,0,0,1091,2,30,1090,4,30,1089,5,30,True,False,,True,logs/fix.patch,2,6,43,1,44,42,False,True,True,False,Submitted,True,1066,519,538,9,506,989,19493736,250920,19744656,7748.702680110931,1.17.2,100,10,1,0,1,83,9,1,0,1,121,9,1,0,1,67,8,1,0,1,527,9,1,0,1,51,8,1,0,1,91,9,1,0,1,26,4,1,0,1,0,True,False,True
elastic__logstash-15697,elastic/logstash,medium,False,True,True,False,False,False,True,False,"After applying the fix patch, no test cases transitioned from failed to passed. A brief summary is as follows: Test Result Summary:",0,0,0,0,0,1088,2,32,174,1,26,174,1,26,True,False,,True,logs/fix.patch,3,11,82,5,87,77,False,True,True,False,Submitted,True,703,338,356,9,328,630,8242295,115370,8357665,8102.087480306625,1.17.2,70,10,1,0,1,103,9,1,0,1,83,9,1,0,1,97,8,1,0,1,125,9,1,0,1,132,8,2,0,1,59,9,1,0,1,34,4,1,0,1,0,True,False,True
fasterxml__jackson-core-1309,fasterxml/jackson-core,medium,False,True,True,False,False,False,True,False,"After applying the fix patch, no test results were captured when executing the test command. A brief summary is as follows: Test Result Summary:",0,0,0,0,0,188,0,0,187,1,0,0,0,0,True,True,error: patch failed: src/test/java/com/fasterxml/jackson/core/io/NumberInputTest.java:108,True,logs/fix.patch,2,2,2,2,4,0,False,True,True,False,Submitted,True,930,438,474,18,418,784,7248945,150715,7399660,4637.125977039337,1.17.2,54,10,1,0,1,61,9,1,0,1,61,9,1,0,1,57,8,1,0,1,334,9,6,0,1,258,8,1,6,1,77,9,1,0,1,28,4,1,0,1,0,False,False,True
elastic__logstash-15000,elastic/logstash,hard,False,True,True,False,False,False,True,False,"After applying the fix patch, no test cases transitioned from failed to passed. A brief summary is as follows: Test Result Summary:",0,0,0,0,0,175,1,25,173,2,25,173,2,25,True,False,,True,logs/fix.patch,2,4,197,2,199,195,False,True,True,False,Submitted,True,712,344,360,8,331,643,10990410,245082,11235492,6385.317633628845,1.17.2,164,10,1,0,1,99,9,1,0,1,77,9,1,0,1,67,8,1,0,1,167,9,1,0,1,51,8,1,0,1,57,9,1,0,1,30,4,1,0,1,0,True,False,True
elastic__logstash-14058,elastic/logstash,hard,False,True,True,False,False,False,True,False,"After applying the fix patch, no test cases transitioned from failed to passed. A brief summary is as follows: Test Result Summary:",0,0,0,0,0,156,1,23,154,2,23,154,2,23,True,False,,True,logs/fix.patch,6,12,360,2,362,358,False,True,True,False,Submitted,True,568,272,288,8,264,504,7137405,76439,7213844,3629.09282374382,1.17.2,92,10,1,0,1,91,9,1,0,1,61,9,1,0,1,77,8,1,0,1,115,9,1,0,1,51,8,1,0,1,53,9,1,0,1,28,4,1,0,1,0,True,False,True
elastic__logstash-13997,elastic/logstash,hard,False,True,True,False,False,False,True,False,"After applying the fix patch, no test cases transitioned from failed to passed. A brief summary is as follows: Test Result Summary:",0,0,0,0,0,156,1,23,154,2,23,154,2,23,True,False,,True,logs/fix.patch,2,7,57,1,58,56,False,True,True,False,Submitted,True,840,405,425,10,391,756,11450021,157409,11607430,8910.808040618896,1.17.2,80,10,1,0,1,75,9,1,0,1,75,9,1,0,1,93,8,1,0,1,242,9,2,0,1,190,8,2,1,1,57,9,1,0,1,28,4,1,0,1,0,True,False,True
fasterxml__jackson-databind-4641,fasterxml/jackson-databind,medium,True,True,True,False,False,False,True,True,,1,610,1,0,0,611,0,0,610,1,0,611,0,0,True,False,,True,logs/fix.patch,1,2,7,6,13,1,False,True,True,False,Submitted,True,604,290,306,8,282,540,6370286,70853,6441139,2860.7680842876434,1.17.2,118,10,1,0,1,85,8,1,0,1,111,9,1,0,1,69,8,1,0,1,71,9,1,0,1,47,8,1,0,1,73,9,1,0,1,30,4,1,0,1,0,True,False,True
fasterxml__jackson-databind-4426,fasterxml/jackson-databind,easy,True,True,True,False,False,False,True,True,,1,648,1,0,0,648,0,1,648,1,1,649,0,1,True,False,,True,logs/fix.patch,1,1,1,1,2,0,False,True,True,False,Submitted,True,562,269,285,8,261,498,4664312,65593,4729905,4534.623436927795,1.17.2,98,10,1,0,1,73,9,1,0,1,87,9,1,0,1,91,8,1,0,1,63,9,1,0,1,53,8,1,0,1,69,9,1,0,1,28,4,1,0,1,0,True,False,True
